"periodogram_df.freq","periodogram_df.power","peak_freq","peak_period"
0,1.36682404443804e-30,0.0666444518493835,15.005
0.0333222259246918,2.68691799411997,0.0666444518493835,15.005
0.0666444518493835,2.73622845768364,0.0666444518493835,15.005
0.0999666777740753,2.60994967531404,0.0666444518493835,15.005
0.133288903698767,2.40801688671197,0.0666444518493835,15.005
0.166611129623459,2.24465821596551,0.0666444518493835,15.005
0.199933355548151,2.44137596766797,0.0666444518493835,15.005
0.233255581472842,2.33107575871743,0.0666444518493835,15.005
0.266577807397534,1.4543134268055,0.0666444518493835,15.005
0.299900033322226,1.0863652182812,0.0666444518493835,15.005
0.333222259246918,0.877300540040648,0.0666444518493835,15.005
0.366544485171609,0.731373675039686,0.0666444518493835,15.005
0.399866711096301,0.624558891363405,0.0666444518493835,15.005
0.433188937020993,0.542279480271116,0.0666444518493835,15.005
0.466511162945685,0.469666194078232,0.0666444518493835,15.005
0.499833388870377,0.41179130578602,0.0666444518493835,15.005
0.533155614795068,0.365725796968302,0.0666444518493835,15.005
0.56647784071976,0.326440858655745,0.0666444518493835,15.005
0.599800066644452,0.294679733142278,0.0666444518493835,15.005
0.633122292569144,0.266837378762434,0.0666444518493835,15.005
0.666444518493835,0.242212397070168,0.0666444518493835,15.005
0.699766744418527,0.219922881826278,0.0666444518493835,15.005
0.733088970343219,0.201432531645921,0.0666444518493835,15.005
0.766411196267911,0.184524355425053,0.0666444518493835,15.005
0.799733422192602,0.169693283384146,0.0666444518493835,15.005
0.833055648117294,0.156610441974849,0.0666444518493835,15.005
0.866377874041986,0.144959300708986,0.0666444518493835,15.005
0.899700099966678,0.134794596967817,0.0666444518493835,15.005
0.933022325891369,0.1257869250758,0.0666444518493835,15.005
0.966344551816061,0.117430319231485,0.0666444518493835,15.005
0.999666777740753,0.110153431849281,0.0666444518493835,15.005
1.03298900366544,0.10318640009995,0.0666444518493835,15.005
1.06631122959014,0.0968705746677452,0.0666444518493835,15.005
1.09963345551483,0.0913263791651441,0.0666444518493835,15.005
1.13295568143952,0.0859593644638326,0.0666444518493835,15.005
1.16627790736421,0.0812002382001728,0.0666444518493835,15.005
1.1996001332889,0.0769574955997053,0.0666444518493835,15.005
1.2329223592136,0.0728027723773147,0.0666444518493835,15.005
1.26624458513829,0.0690074882968662,0.0666444518493835,15.005
1.29956681106298,0.0657801880773738,0.0666444518493835,15.005
1.33288903698767,0.0625947800482238,0.0666444518493835,15.005
1.36621126291236,0.0595429908613938,0.0666444518493835,15.005
1.39953348883705,0.056621825180328,0.0666444518493835,15.005
1.43285571476175,0.0541118685744414,0.0666444518493835,15.005
1.46617794068644,0.0518301260289939,0.0666444518493835,15.005
1.49950016661113,0.0496193553665727,0.0666444518493835,15.005
1.53282239253582,0.0473310117265045,0.0666444518493835,15.005
1.56614461846051,0.0454567366554239,0.0666444518493835,15.005
1.5994668443852,0.0436167592054966,0.0666444518493835,15.005
1.6327890703099,0.0418071570389314,0.0666444518493835,15.005
1.66611129623459,0.0401985812338127,0.0666444518493835,15.005
1.69943352215928,0.0386391967328841,0.0666444518493835,15.005
1.73275574808397,0.0371739966231152,0.0666444518493835,15.005
1.76607797400866,0.0358453178174822,0.0666444518493835,15.005
1.79940019993336,0.0344452377797695,0.0666444518493835,15.005
1.83272242585805,0.0333088198824235,0.0666444518493835,15.005
1.86604465178274,0.0320802176358711,0.0666444518493835,15.005
1.89936687770743,0.0310016681231695,0.0666444518493835,15.005
1.93268910363212,0.0299714938652623,0.0666444518493835,15.005
1.96601132955681,0.0289095932424277,0.0666444518493835,15.005
1.99933355548151,0.0279832739044039,0.0666444518493835,15.005
2.0326557814062,0.0270813695049851,0.0666444518493835,15.005
2.06597800733089,0.0262228737415269,0.0666444518493835,15.005
2.09930023325558,0.0254037282741642,0.0666444518493835,15.005
2.13262245918027,0.0246297982657247,0.0666444518493835,15.005
2.16594468510496,0.0238664274938221,0.0666444518493835,15.005
2.19926691102966,0.0231450793801329,0.0666444518493835,15.005
2.23258913695435,0.0224743275360909,0.0666444518493835,15.005
2.26591136287904,0.0218317483646204,0.0666444518493835,15.005
2.29923358880373,0.0212031043526322,0.0666444518493835,15.005
2.33255581472842,0.0205819117578421,0.0666444518493835,15.005
2.36587804065312,0.0200386752666377,0.0666444518493835,15.005
2.39920026657781,0.019470677141374,0.0666444518493835,15.005
2.4325224925025,0.0189514103306885,0.0666444518493835,15.005
2.46584471842719,0.0184581838398493,0.0666444518493835,15.005
2.49916694435188,0.017983344756538,0.0666444518493835,15.005
2.53248917027657,0.017463250071261,0.0666444518493835,15.005
2.56581139620127,0.0170536779934834,0.0666444518493835,15.005
2.59913362212596,0.0166220153232456,0.0666444518493835,15.005
2.63245584805065,0.0162037045339777,0.0666444518493835,15.005
2.66577807397534,0.0158215793480097,0.0666444518493835,15.005
2.69910029990003,0.0154048860675206,0.0666444518493835,15.005
2.73242252582472,0.015055113753553,0.0666444518493835,15.005
2.76574475174942,0.014707746376368,0.0666444518493835,15.005
2.79906697767411,0.0143557076977994,0.0666444518493835,15.005
2.8323892035988,0.0140080069793113,0.0666444518493835,15.005
2.86571142952349,0.0136699469962757,0.0666444518493835,15.005
2.89903365544818,0.0133698260419344,0.0666444518493835,15.005
2.93235588137288,0.0130565004964449,0.0666444518493835,15.005
2.96567810729757,0.0127900868606194,0.0666444518493835,15.005
2.99900033322226,0.0124991581864382,0.0666444518493835,15.005
3.03232255914695,0.0122342783828311,0.0666444518493835,15.005
3.06564478507164,0.011973981953729,0.0666444518493835,15.005
3.09896701099633,0.011715665563685,0.0666444518493835,15.005
3.13228923692103,0.0114632826928333,0.0666444518493835,15.005
3.16561146284572,0.0112322555696296,0.0666444518493835,15.005
3.19893368877041,0.011006402668543,0.0666444518493835,15.005
3.2322559146951,0.0107799432186614,0.0666444518493835,15.005
3.26557814061979,0.0105557356994261,0.0666444518493835,15.005
3.29890036654449,0.0103386557722405,0.0666444518493835,15.005
3.33222259246918,0.010138368405602,0.0666444518493835,15.005
3.36554481839387,0.00995238547482305,0.0666444518493835,15.005
3.39886704431856,0.00973610856055179,0.0666444518493835,15.005
3.43218927024325,0.00955383034195171,0.0666444518493835,15.005
3.46551149616794,0.00936751817427862,0.0666444518493835,15.005
3.49883372209264,0.00919865507463116,0.0666444518493835,15.005
3.53215594801733,0.00904457217750117,0.0666444518493835,15.005
3.56547817394202,0.00883919643624043,0.0666444518493835,15.005
3.59880039986671,0.00870577621081026,0.0666444518493835,15.005
3.6321226257914,0.00855725864322033,0.0666444518493835,15.005
3.66544485171609,0.00838342341615956,0.0666444518493835,15.005
3.69876707764079,0.0082327689634985,0.0666444518493835,15.005
3.73208930356548,0.0080889967892406,0.0666444518493835,15.005
3.76541152949017,0.00795461150486259,0.0666444518493835,15.005
3.79873375541486,0.00780851717083924,0.0666444518493835,15.005
3.83205598133955,0.00767704636855101,0.0666444518493835,15.005
3.86537820726425,0.00754183842481008,0.0666444518493835,15.005
3.89870043318894,0.00742638638170933,0.0666444518493835,15.005
3.93202265911363,0.00730428367269273,0.0666444518493835,15.005
3.96534488503832,0.00716845748617077,0.0666444518493835,15.005
3.99866711096301,0.00706352010569362,0.0666444518493835,15.005
4.0319893368877,0.00694501689556955,0.0666444518493835,15.005
4.0653115628124,0.00681519302397765,0.0666444518493835,15.005
4.09863378873709,0.00671992168760317,0.0666444518493835,15.005
4.13195601466178,0.00660753333638433,0.0666444518493835,15.005
4.16527824058647,0.00650990455510333,0.0666444518493835,15.005
4.19860046651116,0.00641899923470815,0.0666444518493835,15.005
4.23192269243585,0.00629929360355065,0.0666444518493835,15.005
4.26524491836055,0.00620724536828573,0.0666444518493835,15.005
4.29856714428524,0.00611523109095119,0.0666444518493835,15.005
4.33188937020993,0.00602440402739484,0.0666444518493835,15.005
4.36521159613462,0.00592357308266569,0.0666444518493835,15.005
4.39853382205931,0.0058366643758767,0.0666444518493835,15.005
4.43185604798401,0.0057613140729853,0.0666444518493835,15.005
4.4651782739087,0.0056732052186289,0.0666444518493835,15.005
4.49850049983339,0.00558879742831443,0.0666444518493835,15.005
4.53182272575808,0.00551522920455647,0.0666444518493835,15.005
4.56514495168277,0.00542664812206178,0.0666444518493835,15.005
4.59846717760746,0.00534529841773997,0.0666444518493835,15.005
4.63178940353216,0.00526828192929899,0.0666444518493835,15.005
4.66511162945685,0.00520434208043348,0.0666444518493835,15.005
4.69843385538154,0.00512817542282977,0.0666444518493835,15.005
4.73175608130623,0.00505230228499634,0.0666444518493835,15.005
4.76507830723092,0.00498106686014149,0.0666444518493835,15.005
4.79840053315561,0.00491546272387519,0.0666444518493835,15.005
4.83172275908031,0.00484882577600262,0.0666444518493835,15.005
4.865044985005,0.00477842150908749,0.0666444518493835,15.005
4.89836721092969,0.00472278441422171,0.0666444518493835,15.005
4.93168943685438,0.00465183586589664,0.0666444518493835,15.005
4.96501166277907,0.00459286146249552,0.0666444518493835,15.005
4.99833388870377,0.00453780368087549,0.0666444518493835,15.005
5.03165611462846,0.00447710927274576,0.0666444518493835,15.005
5.06497834055315,0.00440661437456666,0.0666444518493835,15.005
5.09830056647784,0.00435990106381176,0.0666444518493835,15.005
5.13162279240253,0.0043046363930849,0.0666444518493835,15.005
5.16494501832722,0.00425454814144922,0.0666444518493835,15.005
5.19826724425192,0.00419324744645568,0.0666444518493835,15.005
5.23158947017661,0.00414408704355157,0.0666444518493835,15.005
5.2649116961013,0.0040880348108703,0.0666444518493835,15.005
5.29823392202599,0.00403674152372565,0.0666444518493835,15.005
5.33155614795068,0.00399271002945525,0.0666444518493835,15.005
5.36487837387537,0.00393587395606154,0.0666444518493835,15.005
5.39820059980007,0.00389019691973266,0.0666444518493835,15.005
5.43152282572476,0.00384645395217777,0.0666444518493835,15.005
5.46484505164945,0.00379599500276372,0.0666444518493835,15.005
5.49816727757414,0.00375733614499008,0.0666444518493835,15.005
5.53148950349883,0.00371136235095492,0.0666444518493835,15.005
5.56481172942352,0.00366671866796336,0.0666444518493835,15.005
5.59813395534822,0.00361828299842084,0.0666444518493835,15.005
5.63145618127291,0.00357985259890169,0.0666444518493835,15.005
5.6647784071976,0.00353623314916919,0.0666444518493835,15.005
5.69810063312229,0.00349204653076451,0.0666444518493835,15.005
5.73142285904698,0.00345561895106626,0.0666444518493835,15.005
5.76474508497168,0.00342065978384991,0.0666444518493835,15.005
5.79806731089637,0.00337889063763205,0.0666444518493835,15.005
5.83138953682106,0.00333631698433732,0.0666444518493835,15.005
5.86471176274575,0.00330256787001872,0.0666444518493835,15.005
5.89803398867044,0.00326485054388322,0.0666444518493835,15.005
5.93135621459513,0.00322909214885725,0.0666444518493835,15.005
5.96467844051983,0.00319012506637537,0.0666444518493835,15.005
5.99800066644452,0.00316258500919569,0.0666444518493835,15.005
6.03132289236921,0.00312635415810516,0.0666444518493835,15.005
6.0646451182939,0.00309354539116906,0.0666444518493835,15.005
6.09796734421859,0.00306032122533199,0.0666444518493835,15.005
6.13128957014329,0.0030243375160358,0.0666444518493835,15.005
6.16461179606798,0.00299089181068342,0.0666444518493835,15.005
6.19793402199267,0.0029651712548734,0.0666444518493835,15.005
6.23125624791736,0.00292932090255594,0.0666444518493835,15.005
6.26457847384205,0.00290060853658983,0.0666444518493835,15.005
6.29790069976674,0.00287104850293679,0.0666444518493835,15.005
6.33122292569144,0.00283943196569409,0.0666444518493835,15.005
6.36454515161613,0.00280732869013516,0.0666444518493835,15.005
6.39786737754082,0.00278379986368705,0.0666444518493835,15.005
6.43118960346551,0.00274904721159142,0.0666444518493835,15.005
6.4645118293902,0.00272565210020988,0.0666444518493835,15.005
6.49783405531489,0.00269615575943685,0.0666444518493835,15.005
6.53115628123959,0.00266900591516595,0.0666444518493835,15.005
6.56447850716428,0.00264085064893409,0.0666444518493835,15.005
6.59780073308897,0.00261843152214353,0.0666444518493835,15.005
6.63112295901366,0.00259239875438723,0.0666444518493835,15.005
6.66444518493835,0.00256776233770546,0.0666444518493835,15.005
6.69776741086305,0.00254222885186697,0.0666444518493835,15.005
6.73108963678774,0.00251965496209287,0.0666444518493835,15.005
6.76441186271243,0.00249316798259954,0.0666444518493835,15.005
6.79773408863712,0.00247078953454367,0.0666444518493835,15.005
6.83105631456181,0.00244260653684166,0.0666444518493835,15.005
6.8643785404865,0.00241790814780166,0.0666444518493835,15.005
6.8977007664112,0.00240040193273954,0.0666444518493835,15.005
6.93102299233589,0.00237959488676202,0.0666444518493835,15.005
6.96434521826058,0.00235432220555717,0.0666444518493835,15.005
6.99766744418527,0.00233440581808552,0.0666444518493835,15.005
7.03098967010996,0.00230737425053832,0.0666444518493835,15.005
7.06431189603465,0.0022880813814776,0.0666444518493835,15.005
7.09763412195935,0.00226635140729955,0.0666444518493835,15.005
7.13095634788404,0.00224430206339102,0.0666444518493835,15.005
7.16427857380873,0.00222544020100896,0.0666444518493835,15.005
7.19760079973342,0.00220476447678467,0.0666444518493835,15.005
7.23092302565811,0.00218846822122181,0.0666444518493835,15.005
7.26424525158281,0.00216564164308077,0.0666444518493835,15.005
7.2975674775075,0.00214687378857289,0.0666444518493835,15.005
7.33088970343219,0.002127908485381,0.0666444518493835,15.005
7.36421192935688,0.00211037507321798,0.0666444518493835,15.005
7.39753415528157,0.00209143809314823,0.0666444518493835,15.005
7.43085638120626,0.00207387667127032,0.0666444518493835,15.005
7.46417860713096,0.0020552759248026,0.0666444518493835,15.005
7.49750083305565,0.00203907491064586,0.0666444518493835,15.005
7.53082305898034,0.00201743107177756,0.0666444518493835,15.005
7.56414528490503,0.00199835183122314,0.0666444518493835,15.005
7.59746751082972,0.00198453887514139,0.0666444518493835,15.005
7.63078973675441,0.00196779247178461,0.0666444518493835,15.005
7.66411196267911,0.00194984352131582,0.0666444518493835,15.005
7.6974341886038,0.00193259055088456,0.0666444518493835,15.005
7.73075641452849,0.00191856416028998,0.0666444518493835,15.005
7.76407864045318,0.00190163208187977,0.0666444518493835,15.005
7.79740086637787,0.00188499307943558,0.0666444518493835,15.005
7.83072309230257,0.00187038618820585,0.0666444518493835,15.005
7.86404531822726,0.00185517871293221,0.0666444518493835,15.005
7.89736754415195,0.00183971255151936,0.0666444518493835,15.005
7.93068977007664,0.00182518797110363,0.0666444518493835,15.005
7.96401199600133,0.00180661132977935,0.0666444518493835,15.005
7.99733422192602,0.00179569172643022,0.0666444518493835,15.005
8.03065644785072,0.00177984917377115,0.0666444518493835,15.005
8.06397867377541,0.00176376275849709,0.0666444518493835,15.005
8.0973008997001,0.00175265858621352,0.0666444518493835,15.005
8.13062312562479,0.00173724733809365,0.0666444518493835,15.005
8.16394535154948,0.00172355401400002,0.0666444518493835,15.005
8.19726757747418,0.00171147916529547,0.0666444518493835,15.005
8.23058980339887,0.00169582961686827,0.0666444518493835,15.005
8.26391202932356,0.00168220078993799,0.0666444518493835,15.005
8.29723425524825,0.0016678729644627,0.0666444518493835,15.005
8.33055648117294,0.00165884698145869,0.0666444518493835,15.005
8.36387870709763,0.00164306048810584,0.0666444518493835,15.005
8.39720093302233,0.0016324048021905,0.0666444518493835,15.005
8.43052315894702,0.0016179876060191,0.0666444518493835,15.005
8.46384538487171,0.00160457438162953,0.0666444518493835,15.005
8.4971676107964,0.00159513905045076,0.0666444518493835,15.005
8.53048983672109,0.00158070221025056,0.0666444518493835,15.005
8.56381206264578,0.00157064373547251,0.0666444518493835,15.005
8.59713428857048,0.00155986995628596,0.0666444518493835,15.005
8.63045651449517,0.00154514959451626,0.0666444518493835,15.005
8.66377874041986,0.00153572521181678,0.0666444518493835,15.005
8.69710096634455,0.0015217852618026,0.0666444518493835,15.005
8.73042319226924,0.001509395546586,0.0666444518493835,15.005
8.76374541819393,0.00150275945845134,0.0666444518493835,15.005
8.79706764411863,0.00148970167452561,0.0666444518493835,15.005
8.83038987004332,0.00147899963219984,0.0666444518493835,15.005
8.86371209596801,0.00146927291612179,0.0666444518493835,15.005
8.8970343218927,0.00145925624732412,0.0666444518493835,15.005
8.93035654781739,0.00144916254033643,0.0666444518493835,15.005
8.96367877374209,0.00143598431776658,0.0666444518493835,15.005
8.99700099966678,0.00142566428224114,0.0666444518493835,15.005
9.03032322559147,0.00141735685082798,0.0666444518493835,15.005
9.06364545151616,0.0014058775318485,0.0666444518493835,15.005
9.09696767744085,0.00139491437749091,0.0666444518493835,15.005
9.13028990336554,0.0013855640706163,0.0666444518493835,15.005
9.16361212929024,0.00137566975164962,0.0666444518493835,15.005
9.19693435521493,0.00136554570992521,0.0666444518493835,15.005
9.23025658113962,0.0013571329651446,0.0666444518493835,15.005
9.26357880706431,0.00134776843269755,0.0666444518493835,15.005
9.296901032989,0.00133757166130934,0.0666444518493835,15.005
9.33022325891369,0.00132611717706311,0.0666444518493835,15.005
9.36354548483839,0.00132091524104627,0.0666444518493835,15.005
9.39686771076308,0.00131193599629952,0.0666444518493835,15.005
9.43018993668777,0.00130162556892611,0.0666444518493835,15.005
9.46351216261246,0.00129069868388593,0.0666444518493835,15.005
9.49683438853715,0.00128294428543673,0.0666444518493835,15.005
9.53015661446184,0.00127398860655531,0.0666444518493835,15.005
9.56347884038654,0.00126839917194729,0.0666444518493835,15.005
9.59680106631123,0.00125714377723951,0.0666444518493835,15.005
9.63012329223592,0.00124797840179584,0.0666444518493835,15.005
9.66344551816061,0.00124230998246042,0.0666444518493835,15.005
9.6967677440853,0.0012328343308283,0.0666444518493835,15.005
9.73008997001,0.00122494785185028,0.0666444518493835,15.005
9.76341219593469,0.00121587526157732,0.0666444518493835,15.005
9.79673442185938,0.00121011954247195,0.0666444518493835,15.005
9.83005664778407,0.00120054626562653,0.0666444518493835,15.005
9.86337887370876,0.00119384272630753,0.0666444518493835,15.005
9.89670109963346,0.00118666493671163,0.0666444518493835,15.005
9.93002332555815,0.00117925465302993,0.0666444518493835,15.005
9.96334555148284,0.00116850481671221,0.0666444518493835,15.005
9.99666777740753,0.00116175854529641,0.0666444518493835,15.005
10.0299900033322,0.00115677261430647,0.0666444518493835,15.005
10.0633122292569,0.00114568733464744,0.0666444518493835,15.005
10.0966344551816,0.00114153127004369,0.0666444518493835,15.005
10.1299566811063,0.0011308718943215,0.0666444518493835,15.005
10.163278907031,0.00112609501546788,0.0666444518493835,15.005
10.1966011329557,0.00111833385954254,0.0666444518493835,15.005
10.2299233588804,0.00111246095578906,0.0666444518493835,15.005
10.2632455848051,0.00110558317033612,0.0666444518493835,15.005
10.2965678107298,0.00109773982141417,0.0666444518493835,15.005
10.3298900366544,0.00109184930215534,0.0666444518493835,15.005
10.3632122625791,0.00108458359424501,0.0666444518493835,15.005
10.3965344885038,0.0010768832102236,0.0666444518493835,15.005
10.4298567144285,0.00107172503734576,0.0666444518493835,15.005
10.4631789403532,0.00106519868816392,0.0666444518493835,15.005
10.4965011662779,0.00105664508570156,0.0666444518493835,15.005
10.5298233922026,0.00105160575971023,0.0666444518493835,15.005
10.5631456181273,0.00104762052593283,0.0666444518493835,15.005
10.596467844052,0.00103748273911252,0.0666444518493835,15.005
10.6297900699767,0.0010326667824182,0.0666444518493835,15.005
10.6631122959014,0.00102516273449555,0.0666444518493835,15.005
10.6964345218261,0.00101938404897095,0.0666444518493835,15.005
10.7297567477507,0.00101389454852961,0.0666444518493835,15.005
10.7630789736754,0.00100898980881065,0.0666444518493835,15.005
10.7964011996001,0.0010029417007765,0.0666444518493835,15.005
10.8297234255248,0.000995614732057974,0.0666444518493835,15.005
10.8630456514495,0.000989684476599199,0.0666444518493835,15.005
10.8963678773742,0.00098377586081746,0.0666444518493835,15.005
10.9296901032989,0.000979199614277445,0.0666444518493835,15.005
10.9630123292236,0.000973390887054403,0.0666444518493835,15.005
10.9963345551483,0.0009666353377058,0.0666444518493835,15.005
11.029656781073,0.000962332905515434,0.0666444518493835,15.005
11.0629790069977,0.000956151048447261,0.0666444518493835,15.005
11.0963012329224,0.000951555654785169,0.0666444518493835,15.005
11.129623458847,0.000944926409055868,0.0666444518493835,15.005
11.1629456847717,0.000939898064986093,0.0666444518493835,15.005
11.1962679106964,0.000933649136810688,0.0666444518493835,15.005
11.2295901366211,0.000927545163339643,0.0666444518493835,15.005
11.2629123625458,0.000924454989932164,0.0666444518493835,15.005
11.2962345884705,0.000919642919846911,0.0666444518493835,15.005
11.3295568143952,0.000914268271932991,0.0666444518493835,15.005
11.3628790403199,0.000907957935881808,0.0666444518493835,15.005
11.3962012662446,0.000903788049162199,0.0666444518493835,15.005
11.4295234921693,0.000897615650487975,0.0666444518493835,15.005
11.462845718094,0.000894163141666736,0.0666444518493835,15.005
11.4961679440187,0.000888299344783072,0.0666444518493835,15.005
11.5294901699434,0.000884535223671565,0.0666444518493835,15.005
11.562812395868,0.000878543801408914,0.0666444518493835,15.005
11.5961346217927,0.000874262428839596,0.0666444518493835,15.005
11.6294568477174,0.000867454029982686,0.0666444518493835,15.005
11.6627790736421,0.00086432230056511,0.0666444518493835,15.005
11.6961012995668,0.000859612160962878,0.0666444518493835,15.005
11.7294235254915,0.000855302217980071,0.0666444518493835,15.005
11.7627457514162,0.000850786441453921,0.0666444518493835,15.005
11.7960679773409,0.000845594178980068,0.0666444518493835,15.005
11.8293902032656,0.000841020014270854,0.0666444518493835,15.005
11.8627124291903,0.000836552492163216,0.0666444518493835,15.005
11.896034655115,0.000830766053970564,0.0666444518493835,15.005
11.9293568810397,0.000827283367410808,0.0666444518493835,15.005
11.9626791069643,0.000822390516751887,0.0666444518493835,15.005
11.996001332889,0.000818296908717007,0.0666444518493835,15.005
12.0293235588137,0.000815032828181789,0.0666444518493835,15.005
12.0626457847384,0.000811827630792336,0.0666444518493835,15.005
12.0959680106631,0.000805466938637584,0.0666444518493835,15.005
12.1292902365878,0.000801789058810484,0.0666444518493835,15.005
12.1626124625125,0.00079817496283804,0.0666444518493835,15.005
12.1959346884372,0.00079237258797001,0.0666444518493835,15.005
12.2292569143619,0.000789838290131445,0.0666444518493835,15.005
12.2625791402866,0.000785570650832083,0.0666444518493835,15.005
12.2959013662113,0.000781753047937243,0.0666444518493835,15.005
12.329223592136,0.000777998256117086,0.0666444518493835,15.005
12.3625458180606,0.00077205175598337,0.0666444518493835,15.005
12.3958680439853,0.000768610232849777,0.0666444518493835,15.005
12.42919026991,0.000764594893887064,0.0666444518493835,15.005
12.4625124958347,0.000762416399047688,0.0666444518493835,15.005
12.4958347217594,0.000757507640118452,0.0666444518493835,15.005
12.5291569476841,0.000754903588993775,0.0666444518493835,15.005
12.5624791736088,0.00075158454672325,0.0666444518493835,15.005
12.5958013995335,0.000746007029555471,0.0666444518493835,15.005
12.6291236254582,0.000744406347434247,0.0666444518493835,15.005
12.6624458513829,0.000739046551571233,0.0666444518493835,15.005
12.6957680773076,0.000735396333971855,0.0666444518493835,15.005
12.7290903032323,0.000731408797220916,0.0666444518493835,15.005
12.7624125291569,0.000728414270509249,0.0666444518493835,15.005
12.7957347550816,0.000724916732814594,0.0666444518493835,15.005
12.8290569810063,0.00072122977133736,0.0666444518493835,15.005
12.862379206931,0.000716296951021158,0.0666444518493835,15.005
12.8957014328557,0.000714102745049342,0.0666444518493835,15.005
12.9290236587804,0.000709447500207132,0.0666444518493835,15.005
12.9623458847051,0.000706750857201975,0.0666444518493835,15.005
12.9956681106298,0.000704244226221397,0.0666444518493835,15.005
13.0289903365545,0.00069950400022966,0.0666444518493835,15.005
13.0623125624792,0.000698010061435385,0.0666444518493835,15.005
13.0956347884039,0.000693064693456811,0.0666444518493835,15.005
13.1289570143286,0.000690573768169311,0.0666444518493835,15.005
13.1622792402532,0.000687253427563712,0.0666444518493835,15.005
13.1956014661779,0.000683283570461301,0.0666444518493835,15.005
13.2289236921026,0.000680223360229351,0.0666444518493835,15.005
13.2622459180273,0.00067791032606278,0.0666444518493835,15.005
13.295568143952,0.000673318420208638,0.0666444518493835,15.005
13.3288903698767,0.000669765595069868,0.0666444518493835,15.005
13.3622125958014,0.00066862836873954,0.0666444518493835,15.005
13.3955348217261,0.00066538128670915,0.0666444518493835,15.005
13.4288570476508,0.000661620808166553,0.0666444518493835,15.005
13.4621792735755,0.000658930086798164,0.0666444518493835,15.005
13.4955014995002,0.000655966615398797,0.0666444518493835,15.005
13.5288237254249,0.000652059414965636,0.0666444518493835,15.005
13.5621459513495,0.000650015241015969,0.0666444518493835,15.005
13.5954681772742,0.000646804424318279,0.0666444518493835,15.005
13.6287904031989,0.000642904544469499,0.0666444518493835,15.005
13.6621126291236,0.000640610247717285,0.0666444518493835,15.005
13.6954348550483,0.00063768365844613,0.0666444518493835,15.005
13.728757080973,0.000634318380683368,0.0666444518493835,15.005
13.7620793068977,0.000630854503285837,0.0666444518493835,15.005
13.7954015328224,0.00062976374210273,0.0666444518493835,15.005
13.8287237587471,0.00062615892392927,0.0666444518493835,15.005
13.8620459846718,0.000623663556477253,0.0666444518493835,15.005
13.8953682105965,0.000620952134569377,0.0666444518493835,15.005
13.9286904365212,0.00061765574332793,0.0666444518493835,15.005
13.9620126624459,0.000615116202952379,0.0666444518493835,15.005
13.9953348883705,0.000611844517734738,0.0666444518493835,15.005
14.0286571142952,0.000609854239124143,0.0666444518493835,15.005
14.0619793402199,0.000606901425726399,0.0666444518493835,15.005
14.0953015661446,0.000602922516912779,0.0666444518493835,15.005
14.1286237920693,0.000601453757274203,0.0666444518493835,15.005
14.161946017994,0.000599409403585555,0.0666444518493835,15.005
14.1952682439187,0.000595977160508842,0.0666444518493835,15.005
14.2285904698434,0.000593530426151691,0.0666444518493835,15.005
14.2619126957681,0.000591331411672838,0.0666444518493835,15.005
14.2952349216928,0.000589039754816133,0.0666444518493835,15.005
14.3285571476175,0.000585987795620396,0.0666444518493835,15.005
14.3618793735422,0.000582856554571512,0.0666444518493835,15.005
14.3952015994668,0.000580227338635293,0.0666444518493835,15.005
14.4285238253915,0.000578010220463931,0.0666444518493835,15.005
14.4618460513162,0.00057594241950244,0.0666444518493835,15.005
14.4951682772409,0.000573434881404733,0.0666444518493835,15.005
14.5284905031656,0.000570716315126724,0.0666444518493835,15.005
14.5618127290903,0.000568629671436674,0.0666444518493835,15.005
14.595134955015,0.000566774190912087,0.0666444518493835,15.005
14.6284571809397,0.000563985998866438,0.0666444518493835,15.005
14.6617794068644,0.000561675556739766,0.0666444518493835,15.005
14.6951016327891,0.000559258954908747,0.0666444518493835,15.005
14.7284238587138,0.000556030665678495,0.0666444518493835,15.005
14.7617460846385,0.000554724906049736,0.0666444518493835,15.005
14.7950683105631,0.000552042479359478,0.0666444518493835,15.005
14.8283905364878,0.000550835585499936,0.0666444518493835,15.005
14.8617127624125,0.000547485500001786,0.0666444518493835,15.005
14.8950349883372,0.000545445981876621,0.0666444518493835,15.005
14.9283572142619,0.000543049400824062,0.0666444518493835,15.005
14.9616794401866,0.000540628375088842,0.0666444518493835,15.005
14.9950016661113,0.000538049114838689,0.0666444518493835,15.005
15.028323892036,0.000536340010318458,0.0666444518493835,15.005
15.0616461179607,0.000534403921776855,0.0666444518493835,15.005
15.0949683438854,0.00053185414208567,0.0666444518493835,15.005
15.1282905698101,0.000530035829028069,0.0666444518493835,15.005
15.1616127957348,0.000528021033548576,0.0666444518493835,15.005
15.1949350216594,0.000525308520552932,0.0666444518493835,15.005
15.2282572475841,0.000523442968480761,0.0666444518493835,15.005
15.2615794735088,0.000522171314096029,0.0666444518493835,15.005
15.2949016994335,0.000518920350183967,0.0666444518493835,15.005
15.3282239253582,0.000516212541893525,0.0666444518493835,15.005
15.3615461512829,0.000516074580639008,0.0666444518493835,15.005
15.3948683772076,0.00051333191818983,0.0666444518493835,15.005
15.4281906031323,0.000511100026509042,0.0666444518493835,15.005
15.461512829057,0.000509468269636931,0.0666444518493835,15.005
15.4948350549817,0.000506635461518464,0.0666444518493835,15.005
15.5281572809064,0.000504732190213313,0.0666444518493835,15.005
15.5614795068311,0.000502713498881494,0.0666444518493835,15.005
15.5948017327557,0.000501360392374552,0.0666444518493835,15.005
15.6281239586804,0.000499349012266218,0.0666444518493835,15.005
15.6614461846051,0.000496846948623653,0.0666444518493835,15.005
15.6947684105298,0.000494730364436454,0.0666444518493835,15.005
15.7280906364545,0.00049340872290835,0.0666444518493835,15.005
15.7614128623792,0.000491450684882359,0.0666444518493835,15.005
15.7947350883039,0.000489068333217375,0.0666444518493835,15.005
15.8280573142286,0.000487494126574028,0.0666444518493835,15.005
15.8613795401533,0.000485461299604612,0.0666444518493835,15.005
15.894701766078,0.000483657794916505,0.0666444518493835,15.005
15.9280239920027,0.000482111153404092,0.0666444518493835,15.005
15.9613462179274,0.000480058852316927,0.0666444518493835,15.005
15.994668443852,0.000478056720713395,0.0666444518493835,15.005
16.0279906697767,0.000476419934871159,0.0666444518493835,15.005
16.0613128957014,0.000474322626793132,0.0666444518493835,15.005
16.0946351216261,0.000473098433383075,0.0666444518493835,15.005
16.1279573475508,0.000471207407091014,0.0666444518493835,15.005
16.1612795734755,0.000469030915403817,0.0666444518493835,15.005
16.1946017994002,0.000468270747384874,0.0666444518493835,15.005
16.2279240253249,0.000466073288026438,0.0666444518493835,15.005
16.2612462512496,0.000463580427623965,0.0666444518493835,15.005
16.2945684771743,0.000461290753684409,0.0666444518493835,15.005
16.327890703099,0.000460828248623772,0.0666444518493835,15.005
16.3612129290237,0.00045910244012799,0.0666444518493835,15.005
16.3945351549484,0.000457232877147786,0.0666444518493835,15.005
16.427857380873,0.000455612640474677,0.0666444518493835,15.005
16.4611796067977,0.000454039708792687,0.0666444518493835,15.005
16.4945018327224,0.000451557824922208,0.0666444518493835,15.005
16.5278240586471,0.000450535142528676,0.0666444518493835,15.005
16.5611462845718,0.000448676744580539,0.0666444518493835,15.005
16.5944685104965,0.000447955591763785,0.0666444518493835,15.005
16.6277907364212,0.000445439154679214,0.0666444518493835,15.005
16.6611129623459,0.000444065189879344,0.0666444518493835,15.005
16.6944351882706,0.000442078562172371,0.0666444518493835,15.005
16.7277574141953,0.000440927519466667,0.0666444518493835,15.005
16.76107964012,0.000439290312922086,0.0666444518493835,15.005
16.7944018660447,0.00043815453656066,0.0666444518493835,15.005
16.8277240919693,0.000436250358888806,0.0666444518493835,15.005
16.861046317894,0.00043445662556011,0.0666444518493835,15.005
16.8943685438187,0.000433298852585452,0.0666444518493835,15.005
16.9276907697434,0.000431255595890128,0.0666444518493835,15.005
16.9610129956681,0.000430142182705182,0.0666444518493835,15.005
16.9943352215928,0.000428093619077404,0.0666444518493835,15.005
17.0276574475175,0.000426626586209992,0.0666444518493835,15.005
17.0609796734422,0.000425616796845705,0.0666444518493835,15.005
17.0943018993669,0.000423768831545889,0.0666444518493835,15.005
17.1276241252916,0.000422561582865821,0.0666444518493835,15.005
17.1609463512163,0.00042113278077983,0.0666444518493835,15.005
17.194268577141,0.000419251552970425,0.0666444518493835,15.005
17.2275908030656,0.000418262220636797,0.0666444518493835,15.005
17.2609130289903,0.00041619529076188,0.0666444518493835,15.005
17.294235254915,0.000414694270208763,0.0666444518493835,15.005
17.3275574808397,0.000413731854279456,0.0666444518493835,15.005
17.3608797067644,0.000411459375931923,0.0666444518493835,15.005
17.3942019326891,0.000410112893467547,0.0666444518493835,15.005
17.4275241586138,0.000410293670775074,0.0666444518493835,15.005
17.4608463845385,0.000407905359137308,0.0666444518493835,15.005
17.4941686104632,0.000406662409282404,0.0666444518493835,15.005
17.5274908363879,0.000404672332602916,0.0666444518493835,15.005
17.5608130623126,0.000404135589289767,0.0666444518493835,15.005
17.5941352882373,0.000402450422885141,0.0666444518493835,15.005
17.6274575141619,0.000401746342814164,0.0666444518493835,15.005
17.6607797400866,0.000399511176732252,0.0666444518493835,15.005
17.6941019660113,0.000398668779023502,0.0666444518493835,15.005
17.727424191936,0.000396876521656627,0.0666444518493835,15.005
17.7607464178607,0.000395830659487257,0.0666444518493835,15.005
17.7940686437854,0.000394221139537526,0.0666444518493835,15.005
17.8273908697101,0.000393192095849099,0.0666444518493835,15.005
17.8607130956348,0.000391466206650143,0.0666444518493835,15.005
17.8940353215595,0.000390502719020266,0.0666444518493835,15.005
17.9273575474842,0.00038917864255478,0.0666444518493835,15.005
17.9606797734089,0.000387692579181577,0.0666444518493835,15.005
17.9940019993336,0.000386724218372315,0.0666444518493835,15.005
18.0273242252582,0.000385573854482902,0.0666444518493835,15.005
18.0606464511829,0.000383963625716123,0.0666444518493835,15.005
18.0939686771076,0.000382438190577759,0.0666444518493835,15.005
18.1272909030323,0.000382047725053439,0.0666444518493835,15.005
18.160613128957,0.000380484145317777,0.0666444518493835,15.005
18.1939353548817,0.000379154239094241,0.0666444518493835,15.005
18.2272575808064,0.000377509149658406,0.0666444518493835,15.005
18.2605798067311,0.000376533859971207,0.0666444518493835,15.005
18.2939020326558,0.000375046682786845,0.0666444518493835,15.005
18.3272242585805,0.000374858544305933,0.0666444518493835,15.005
18.3605464845052,0.000372873337796492,0.0666444518493835,15.005
18.3938687104299,0.00037195052426912,0.0666444518493835,15.005
18.4271909363545,0.000370918276599889,0.0666444518493835,15.005
18.4605131622792,0.000369803617159448,0.0666444518493835,15.005
18.4938353882039,0.000367774285782648,0.0666444518493835,15.005
18.5271576141286,0.000366782603869913,0.0666444518493835,15.005
18.5604798400533,0.000366144970794834,0.0666444518493835,15.005
18.593802065978,0.00036474490872957,0.0666444518493835,15.005
18.6271242919027,0.000363504020994167,0.0666444518493835,15.005
18.6604465178274,0.000362397018945985,0.0666444518493835,15.005
18.6937687437521,0.000361459044246962,0.0666444518493835,15.005
18.7270909696768,0.000359882264346288,0.0666444518493835,15.005
18.7604131956015,0.000358807990008194,0.0666444518493835,15.005
18.7937354215262,0.000357848193430393,0.0666444518493835,15.005
18.8270576474509,0.000356545838552487,0.0666444518493835,15.005
18.8603798733755,0.000356136297143985,0.0666444518493835,15.005
18.8937020993002,0.00035420538771667,0.0666444518493835,15.005
18.9270243252249,0.000354081194699999,0.0666444518493835,15.005
18.9603465511496,0.000352075613014975,0.0666444518493835,15.005
18.9936687770743,0.000351199056151892,0.0666444518493835,15.005
19.026991002999,0.000350073124387151,0.0666444518493835,15.005
19.0603132289237,0.000349550809329655,0.0666444518493835,15.005
19.0936354548484,0.000347795529989652,0.0666444518493835,15.005
19.1269576807731,0.000346996674483145,0.0666444518493835,15.005
19.1602799066978,0.000345940159590301,0.0666444518493835,15.005
19.1936021326225,0.000345103173210898,0.0666444518493835,15.005
19.2269243585472,0.000344234751899763,0.0666444518493835,15.005
19.2602465844718,0.000342421452628591,0.0666444518493835,15.005
19.2935688103965,0.000342284024620321,0.0666444518493835,15.005
19.3268910363212,0.000340953705609536,0.0666444518493835,15.005
19.3602132622459,0.000340129242080729,0.0666444518493835,15.005
19.3935354881706,0.000338233433124764,0.0666444518493835,15.005
19.4268577140953,0.000337841238775196,0.0666444518493835,15.005
19.46017994002,0.000336727863643195,0.0666444518493835,15.005
19.4935021659447,0.000335654437487166,0.0666444518493835,15.005
19.5268243918694,0.000335089457665623,0.0666444518493835,15.005
19.5601466177941,0.000333889817857612,0.0666444518493835,15.005
19.5934688437188,0.000332769093372143,0.0666444518493835,15.005
19.6267910696435,0.000331631383466244,0.0666444518493835,15.005
19.6601132955681,0.000330139764405842,0.0666444518493835,15.005
19.6934355214928,0.000330430197290264,0.0666444518493835,15.005
19.7267577474175,0.000328785069734336,0.0666444518493835,15.005
19.7600799733422,0.000327997128364463,0.0666444518493835,15.005
19.7934021992669,0.00032671388120363,0.0666444518493835,15.005
19.8267244251916,0.000325910467448504,0.0666444518493835,15.005
19.8600466511163,0.000324985563964319,0.0666444518493835,15.005
19.893368877041,0.000324044219137437,0.0666444518493835,15.005
19.9266911029657,0.000323717447014863,0.0666444518493835,15.005
19.9600133288904,0.000322862491752125,0.0666444518493835,15.005
19.9933355548151,0.000321017146124915,0.0666444518493835,15.005
20.0266577807398,0.00032069507498285,0.0666444518493835,15.005
20.0599800066644,0.000319142740343851,0.0666444518493835,15.005
20.0933022325891,0.00031830890448744,0.0666444518493835,15.005
20.1266244585138,0.000317421145445709,0.0666444518493835,15.005
20.1599466844385,0.000317154896874454,0.0666444518493835,15.005
20.1932689103632,0.000315842163906332,0.0666444518493835,15.005
20.2265911362879,0.000315149063311322,0.0666444518493835,15.005
20.2599133622126,0.000313635673246143,0.0666444518493835,15.005
20.2932355881373,0.000312806298776594,0.0666444518493835,15.005
20.326557814062,0.000312382994825854,0.0666444518493835,15.005
20.3598800399867,0.000311312183176197,0.0666444518493835,15.005
20.3932022659114,0.000310515900075981,0.0666444518493835,15.005
20.4265244918361,0.000309108008880111,0.0666444518493835,15.005
20.4598467177607,0.000308520572239015,0.0666444518493835,15.005
20.4931689436854,0.00030745534366925,0.0666444518493835,15.005
20.5264911696101,0.000306658264240621,0.0666444518493835,15.005
20.5598133955348,0.000306264664052068,0.0666444518493835,15.005
20.5931356214595,0.000305211454563517,0.0666444518493835,15.005
20.6264578473842,0.000304567080799266,0.0666444518493835,15.005
20.6597800733089,0.000303091898466578,0.0666444518493835,15.005
20.6931022992336,0.000302802002217842,0.0666444518493835,15.005
20.7264245251583,0.000302281798006895,0.0666444518493835,15.005
20.759746751083,0.000301100999259676,0.0666444518493835,15.005
20.7930689770077,0.000300056340919331,0.0666444518493835,15.005
20.8263912029324,0.000299619658319034,0.0666444518493835,15.005
20.859713428857,0.000298772631594462,0.0666444518493835,15.005
20.8930356547817,0.000298009356142191,0.0666444518493835,15.005
20.9263578807064,0.00029743022314996,0.0666444518493835,15.005
20.9596801066311,0.000296323009830535,0.0666444518493835,15.005
20.9930023325558,0.000295339516422197,0.0666444518493835,15.005
21.0263245584805,0.000294484753985326,0.0666444518493835,15.005
21.0596467844052,0.000293545652306654,0.0666444518493835,15.005
21.0929690103299,0.00029311431446513,0.0666444518493835,15.005
21.1262912362546,0.000291837237909274,0.0666444518493835,15.005
21.1596134621793,0.000291638738059961,0.0666444518493835,15.005
21.192935688104,0.000290544333552884,0.0666444518493835,15.005
21.2262579140287,0.000290001928841811,0.0666444518493835,15.005
21.2595801399533,0.000289289848883547,0.0666444518493835,15.005
21.292902365878,0.000288382077216713,0.0666444518493835,15.005
21.3262245918027,0.000287727969244121,0.0666444518493835,15.005
21.3595468177274,0.000287040201050145,0.0666444518493835,15.005
21.3928690436521,0.000286267975554767,0.0666444518493835,15.005
21.4261912695768,0.000285307487691739,0.0666444518493835,15.005
21.4595134955015,0.000284681179331202,0.0666444518493835,15.005
21.4928357214262,0.000284177165648106,0.0666444518493835,15.005
21.5261579473509,0.000283146003378681,0.0666444518493835,15.005
21.5594801732756,0.000282985785916744,0.0666444518493835,15.005
21.5928023992003,0.000281712553643157,0.0666444518493835,15.005
21.626124625125,0.000281127269294192,0.0666444518493835,15.005
21.6594468510496,0.000280212871646818,0.0666444518493835,15.005
21.6927690769743,0.000279174996710644,0.0666444518493835,15.005
21.726091302899,0.000278731587511688,0.0666444518493835,15.005
21.7594135288237,0.000277843871506722,0.0666444518493835,15.005
21.7927357547484,0.000276755819318848,0.0666444518493835,15.005
21.8260579806731,0.000276589811520348,0.0666444518493835,15.005
21.8593802065978,0.000275994472583681,0.0666444518493835,15.005
21.8927024325225,0.000275507962273484,0.0666444518493835,15.005
21.9260246584472,0.000274967997237219,0.0666444518493835,15.005
21.9593468843719,0.000273594348162428,0.0666444518493835,15.005
21.9926691102966,0.00027377319343554,0.0666444518493835,15.005
22.0259913362213,0.000272272277924611,0.0666444518493835,15.005
22.0593135621459,0.000271991380552373,0.0666444518493835,15.005
22.0926357880706,0.000270881301873471,0.0666444518493835,15.005
22.1259580139953,0.000270114111814216,0.0666444518493835,15.005
22.15928023992,0.000269430040991292,0.0666444518493835,15.005
22.1926024658447,0.000268538522309641,0.0666444518493835,15.005
22.2259246917694,0.000268995661978399,0.0666444518493835,15.005
22.2592469176941,0.0002675535205042,0.0666444518493835,15.005
22.2925691436188,0.000266731440065573,0.0666444518493835,15.005
22.3258913695435,0.000266278150892207,0.0666444518493835,15.005
22.3592135954682,0.000265892365416243,0.0666444518493835,15.005
22.3925358213929,0.000265441417525299,0.0666444518493835,15.005
22.4258580473176,0.000264468897065134,0.0666444518493835,15.005
22.4591802732423,0.000263459340532401,0.0666444518493835,15.005
22.4925024991669,0.000263304689726589,0.0666444518493835,15.005
22.5258247250916,0.000262149177915304,0.0666444518493835,15.005
22.5591469510163,0.000261800840172535,0.0666444518493835,15.005
22.592469176941,0.00026132865356808,0.0666444518493835,15.005
22.6257914028657,0.00026030207129499,0.0666444518493835,15.005
22.6591136287904,0.000259908585031602,0.0666444518493835,15.005
22.6924358547151,0.000259599024948097,0.0666444518493835,15.005
22.7257580806398,0.000258795186358661,0.0666444518493835,15.005
22.7590803065645,0.000257860798113629,0.0666444518493835,15.005
22.7924025324892,0.000257338854471526,0.0666444518493835,15.005
22.8257247584139,0.000257121628788388,0.0666444518493835,15.005
22.8590469843386,0.00025564530750022,0.0666444518493835,15.005
22.8923692102632,0.000255503500572342,0.0666444518493835,15.005
22.9256914361879,0.000254957865898692,0.0666444518493835,15.005
22.9590136621126,0.000254296920657211,0.0666444518493835,15.005
22.9923358880373,0.000253419309435904,0.0666444518493835,15.005
23.025658113962,0.00025309680732003,0.0666444518493835,15.005
23.0589803398867,0.000252591005046866,0.0666444518493835,15.005
23.0923025658114,0.000252519770712806,0.0666444518493835,15.005
23.1256247917361,0.000251383680010448,0.0666444518493835,15.005
23.1589470176608,0.000250819674129577,0.0666444518493835,15.005
23.1922692435855,0.000250046129523536,0.0666444518493835,15.005
23.2255914695102,0.000249435224290142,0.0666444518493835,15.005
23.2589136954349,0.000249140888487325,0.0666444518493835,15.005
23.2922359213595,0.000248692937331582,0.0666444518493835,15.005
23.3255581472842,0.000247913521520194,0.0666444518493835,15.005
23.3588803732089,0.000247406264648618,0.0666444518493835,15.005
23.3922025991336,0.000246696184109401,0.0666444518493835,15.005
23.4255248250583,0.000246253151027134,0.0666444518493835,15.005
23.458847050983,0.000245572240287155,0.0666444518493835,15.005
23.4921692769077,0.00024501627156328,0.0666444518493835,15.005
23.5254915028324,0.00024442104006626,0.0666444518493835,15.005
23.5588137287571,0.000243739836147307,0.0666444518493835,15.005
23.5921359546818,0.000243465002395253,0.0666444518493835,15.005
23.6254581806065,0.000243009392170641,0.0666444518493835,15.005
23.6587804065312,0.000242211405467883,0.0666444518493835,15.005
23.6921026324558,0.000241390636002078,0.0666444518493835,15.005
23.7254248583805,0.00024077289258492,0.0666444518493835,15.005
23.7587470843052,0.000240311646065793,0.0666444518493835,15.005
23.7920693102299,0.000240040549159821,0.0666444518493835,15.005
23.8253915361546,0.000239886861740392,0.0666444518493835,15.005
23.8587137620793,0.000238995060793436,0.0666444518493835,15.005
23.892035988004,0.00023854663532328,0.0666444518493835,15.005
23.9253582139287,0.000237590514533208,0.0666444518493835,15.005
23.9586804398534,0.000237132816934873,0.0666444518493835,15.005
23.9920026657781,0.000236677575414124,0.0666444518493835,15.005
24.0253248917028,0.000236527260469239,0.0666444518493835,15.005
24.0586471176275,0.000236247122589533,0.0666444518493835,15.005
24.0919693435521,0.000235105483721127,0.0666444518493835,15.005
24.1252915694768,0.000234739744392894,0.0666444518493835,15.005
24.1586137954015,0.000234156909964579,0.0666444518493835,15.005
24.1919360213262,0.000233879469983734,0.0666444518493835,15.005
24.2252582472509,0.000233290586548295,0.0666444518493835,15.005
24.2585804731756,0.000232697349052662,0.0666444518493835,15.005
24.2919026991003,0.000232186033959646,0.0666444518493835,15.005
24.325224925025,0.000231463515115796,0.0666444518493835,15.005
24.3585471509497,0.000231040234477488,0.0666444518493835,15.005
24.3918693768744,0.000230691254866928,0.0666444518493835,15.005
24.4251916027991,0.000230247574660011,0.0666444518493835,15.005
24.4585138287238,0.000229659599183629,0.0666444518493835,15.005
24.4918360546484,0.000229198982132409,0.0666444518493835,15.005
24.5251582805731,0.000228492861336468,0.0666444518493835,15.005
24.5584805064978,0.000228158531976128,0.0666444518493835,15.005
24.5918027324225,0.000227478752115527,0.0666444518493835,15.005
24.6251249583472,0.000227267661852813,0.0666444518493835,15.005
24.6584471842719,0.000226385331619031,0.0666444518493835,15.005
24.6917694101966,0.000226154630365744,0.0666444518493835,15.005
24.7250916361213,0.000225804169837924,0.0666444518493835,15.005
24.758413862046,0.000225282836479445,0.0666444518493835,15.005
24.7917360879707,0.000224813719872296,0.0666444518493835,15.005
24.8250583138954,0.000224244403428024,0.0666444518493835,15.005
24.8583805398201,0.000223924552038079,0.0666444518493835,15.005
24.8917027657447,0.000223081817907802,0.0666444518493835,15.005
24.9250249916694,0.000222951617397033,0.0666444518493835,15.005
24.9583472175941,0.000222547629808541,0.0666444518493835,15.005
24.9916694435188,0.000221646728061637,0.0666444518493835,15.005
25.0249916694435,0.000221177075235776,0.0666444518493835,15.005
25.0583138953682,0.000221286401571247,0.0666444518493835,15.005
25.0916361212929,0.00022044200123486,0.0666444518493835,15.005
25.1249583472176,0.000219992592516114,0.0666444518493835,15.005
25.1582805731423,0.000219524073561004,0.0666444518493835,15.005
25.191602799067,0.00021947842870466,0.0666444518493835,15.005
25.2249250249917,0.000218616098536844,0.0666444518493835,15.005
25.2582472509164,0.000218065075516424,0.0666444518493835,15.005
25.2915694768411,0.000218027850130674,0.0666444518493835,15.005
25.3248917027657,0.000217637597854227,0.0666444518493835,15.005
25.3582139286904,0.000217133093347665,0.0666444518493835,15.005
25.3915361546151,0.000216605078084527,0.0666444518493835,15.005
25.4248583805398,0.000216039705769162,0.0666444518493835,15.005
25.4581806064645,0.000215642876679861,0.0666444518493835,15.005
25.4915028323892,0.000215177371576238,0.0666444518493835,15.005
25.5248250583139,0.000214640877316409,0.0666444518493835,15.005
25.5581472842386,0.000214496016408934,0.0666444518493835,15.005
25.5914695101633,0.000214119895123191,0.0666444518493835,15.005
25.624791736088,0.000213714873303314,0.0666444518493835,15.005
25.6581139620127,0.000212941568211918,0.0666444518493835,15.005
25.6914361879374,0.000212322156973093,0.0666444518493835,15.005
25.724758413862,0.000212321611224953,0.0666444518493835,15.005
25.7580806397867,0.000211770209409716,0.0666444518493835,15.005
25.7914028657114,0.000211151786140198,0.0666444518493835,15.005
25.8247250916361,0.000210841843487416,0.0666444518493835,15.005
25.8580473175608,0.000210620362450365,0.0666444518493835,15.005
25.8913695434855,0.000210434323272848,0.0666444518493835,15.005
25.9246917694102,0.000209414546025785,0.0666444518493835,15.005
25.9580139953349,0.000209160734453925,0.0666444518493835,15.005
25.9913362212596,0.000208750476700758,0.0666444518493835,15.005
26.0246584471843,0.000208229277514519,0.0666444518493835,15.005
26.057980673109,0.000208115007009061,0.0666444518493835,15.005
26.0913028990337,0.000207355677532773,0.0666444518493835,15.005
26.1246251249583,0.000207533587163411,0.0666444518493835,15.005
26.157947350883,0.000206612118072971,0.0666444518493835,15.005
26.1912695768077,0.000206555922866239,0.0666444518493835,15.005
26.2245918027324,0.000206221377393183,0.0666444518493835,15.005
26.2579140286571,0.000205749049896238,0.0666444518493835,15.005
26.2912362545818,0.000204924352628723,0.0666444518493835,15.005
26.3245584805065,0.000204818324264108,0.0666444518493835,15.005
26.3578807064312,0.00020488141971252,0.0666444518493835,15.005
26.3912029323559,0.000204257668494671,0.0666444518493835,15.005
26.4245251582806,0.000203691894808787,0.0666444518493835,15.005
26.4578473842053,0.000203375622513918,0.0666444518493835,15.005
26.49116961013,0.0002028670879436,0.0666444518493835,15.005
26.5244918360546,0.000202785693928984,0.0666444518493835,15.005
26.5578140619793,0.000201934540563921,0.0666444518493835,15.005
26.591136287904,0.000201428420794838,0.0666444518493835,15.005
26.6244585138287,0.000201644861914958,0.0666444518493835,15.005
26.6577807397534,0.000201138089623173,0.0666444518493835,15.005
26.6911029656781,0.000200512024619629,0.0666444518493835,15.005
26.7244251916028,0.000200049076334178,0.0666444518493835,15.005
26.7577474175275,0.000199856802120205,0.0666444518493835,15.005
26.7910696434522,0.000199102712836126,0.0666444518493835,15.005
26.8243918693769,0.000199197301803616,0.0666444518493835,15.005
26.8577140953016,0.000198655701635532,0.0666444518493835,15.005
26.8910363212263,0.000198583093514315,0.0666444518493835,15.005
26.9243585471509,0.00019792524964726,0.0666444518493835,15.005
26.9576807730756,0.000197377508213556,0.0666444518493835,15.005
26.9910029990003,0.000197492899808509,0.0666444518493835,15.005
27.024325224925,0.000196615025059477,0.0666444518493835,15.005
27.0576474508497,0.000196487436110758,0.0666444518493835,15.005
27.0909696767744,0.000195885822151283,0.0666444518493835,15.005
27.1242919026991,0.000195641260978942,0.0666444518493835,15.005
27.1576141286238,0.000195511692210186,0.0666444518493835,15.005
27.1909363545485,0.000194728498664964,0.0666444518493835,15.005
27.2242585804732,0.000194491483403079,0.0666444518493835,15.005
27.2575808063979,0.000194566437192094,0.0666444518493835,15.005
27.2909030323226,0.000194141519964225,0.0666444518493835,15.005
27.3242252582472,0.000194029645065448,0.0666444518493835,15.005
27.3575474841719,0.000193263418662974,0.0666444518493835,15.005
27.3908697100966,0.000193406740318791,0.0666444518493835,15.005
27.4241919360213,0.000192780224793809,0.0666444518493835,15.005
27.457514161946,0.000192142969587319,0.0666444518493835,15.005
27.4908363878707,0.000191797768885079,0.0666444518493835,15.005
27.5241586137954,0.000191560909565533,0.0666444518493835,15.005
27.5574808397201,0.000191402865877255,0.0666444518493835,15.005
27.5908030656448,0.000190700155271223,0.0666444518493835,15.005
27.6241252915695,0.000190662623988441,0.0666444518493835,15.005
27.6574475174942,0.000190294465868739,0.0666444518493835,15.005
27.6907697434189,0.000189790574815899,0.0666444518493835,15.005
27.7240919693436,0.000189546488477613,0.0666444518493835,15.005
27.7574141952682,0.000189463146620507,0.0666444518493835,15.005
27.7907364211929,0.000188873603027523,0.0666444518493835,15.005
27.8240586471176,0.00018876817567225,0.0666444518493835,15.005
27.8573808730423,0.000188105226040575,0.0666444518493835,15.005
27.890703098967,0.000188047624311185,0.0666444518493835,15.005
27.9240253248917,0.000187119099117331,0.0666444518493835,15.005
27.9573475508164,0.000187384657830453,0.0666444518493835,15.005
27.9906697767411,0.000187359753442258,0.0666444518493835,15.005
28.0239920026658,0.000186559190356393,0.0666444518493835,15.005
28.0573142285905,0.000186437919358194,0.0666444518493835,15.005
28.0906364545152,0.000186094646055265,0.0666444518493835,15.005
28.1239586804399,0.000185604497383799,0.0666444518493835,15.005
28.1572809063645,0.000185383509094539,0.0666444518493835,15.005
28.1906031322892,0.000185171555238113,0.0666444518493835,15.005
28.2239253582139,0.000184778155406333,0.0666444518493835,15.005
28.2572475841386,0.000184580742640094,0.0666444518493835,15.005
28.2905698100633,0.000184207084747525,0.0666444518493835,15.005
28.323892035988,0.000183751390398413,0.0666444518493835,15.005
28.3572142619127,0.000183651564838897,0.0666444518493835,15.005
28.3905364878374,0.00018298083609042,0.0666444518493835,15.005
28.4238587137621,0.000182763849863048,0.0666444518493835,15.005
28.4571809396868,0.000182402295466103,0.0666444518493835,15.005
28.4905031656115,0.000182210871362578,0.0666444518493835,15.005
28.5238253915362,0.000181804244808871,0.0666444518493835,15.005
28.5571476174608,0.000181521050680645,0.0666444518493835,15.005
28.5904698433855,0.000181503749435456,0.0666444518493835,15.005
28.6237920693102,0.000180779840995792,0.0666444518493835,15.005
28.6571142952349,0.000180860727006508,0.0666444518493835,15.005
28.6904365211596,0.000180326717441951,0.0666444518493835,15.005
28.7237587470843,0.00018021476354396,0.0666444518493835,15.005
28.757080973009,0.000179741407109702,0.0666444518493835,15.005
28.7904031989337,0.000179601867566732,0.0666444518493835,15.005
28.8237254248584,0.000179146953518432,0.0666444518493835,15.005
28.8570476507831,0.000178926368562748,0.0666444518493835,15.005
28.8903698767078,0.000178686544913689,0.0666444518493835,15.005
28.9236921026325,0.000178229058360679,0.0666444518493835,15.005
28.9570143285571,0.000177941544528557,0.0666444518493835,15.005
28.9903365544818,0.000177461850677412,0.0666444518493835,15.005
29.0236587804065,0.000177544921283387,0.0666444518493835,15.005
29.0569810063312,0.000177373430055794,0.0666444518493835,15.005
29.0903032322559,0.000176714220573311,0.0666444518493835,15.005
29.1236254581806,0.000176790220455226,0.0666444518493835,15.005
29.1569476841053,0.000176424301412422,0.0666444518493835,15.005
29.19026991003,0.000176193836741014,0.0666444518493835,15.005
29.2235921359547,0.000175758625235508,0.0666444518493835,15.005
29.2569143618794,0.000175034448961915,0.0666444518493835,15.005
29.2902365878041,0.000175333418597028,0.0666444518493835,15.005
29.3235588137288,0.000175160405105237,0.0666444518493835,15.005
29.3568810396534,0.000174533686523121,0.0666444518493835,15.005
29.3902032655781,0.000174294841358141,0.0666444518493835,15.005
29.4235254915028,0.000174195879497481,0.0666444518493835,15.005
29.4568477174275,0.000173675286291229,0.0666444518493835,15.005
29.4901699433522,0.000173320892559973,0.0666444518493835,15.005
29.5234921692769,0.000173327575624554,0.0666444518493835,15.005
29.5568143952016,0.000173261907457241,0.0666444518493835,15.005
29.5901366211263,0.000172624631495954,0.0666444518493835,15.005
29.623458847051,0.000172265406248968,0.0666444518493835,15.005
29.6567810729757,0.000172087658474514,0.0666444518493835,15.005
29.6901032989004,0.000171885614250474,0.0666444518493835,15.005
29.7234255248251,0.00017165856961105,0.0666444518493835,15.005
29.7567477507497,0.000171460833530596,0.0666444518493835,15.005
29.7900699766744,0.000171258185626327,0.0666444518493835,15.005
29.8233922025991,0.000170784949981142,0.0666444518493835,15.005
29.8567144285238,0.000170343195272409,0.0666444518493835,15.005
29.8900366544485,0.000170317833127062,0.0666444518493835,15.005
29.9233588803732,0.000169940686625784,0.0666444518493835,15.005
29.9566811062979,0.000169885636224376,0.0666444518493835,15.005
29.9900033322226,0.00016994348119888,0.0666444518493835,15.005
30.0233255581473,0.000169312875040224,0.0666444518493835,15.005
30.056647784072,0.000169351022089857,0.0666444518493835,15.005
30.0899700099967,0.000168593018517453,0.0666444518493835,15.005
30.1232922359214,0.000168350024959543,0.0666444518493835,15.005
30.1566144618461,0.00016830587582003,0.0666444518493835,15.005
30.1899366877707,0.000167870274901838,0.0666444518493835,15.005
30.2232589136954,0.00016781111891274,0.0666444518493835,15.005
30.2565811396201,0.00016741300054995,0.0666444518493835,15.005
30.2899033655448,0.000167354351912821,0.0666444518493835,15.005
30.3232255914695,0.000167220379300797,0.0666444518493835,15.005
30.3565478173942,0.000166687433846146,0.0666444518493835,15.005
30.3898700433189,0.000166646283291597,0.0666444518493835,15.005
30.4231922692436,0.000166246503496315,0.0666444518493835,15.005
30.4565144951683,0.000165856755485793,0.0666444518493835,15.005
30.489836721093,0.000165658855964572,0.0666444518493835,15.005
30.5231589470177,0.000165566418079349,0.0666444518493835,15.005
30.5564811729424,0.000165570270954578,0.0666444518493835,15.005
30.589803398867,0.000165209860542226,0.0666444518493835,15.005
30.6231256247917,0.000164744429154203,0.0666444518493835,15.005
30.6564478507164,0.000164537283988978,0.0666444518493835,15.005
30.6897700766411,0.000164334580156983,0.0666444518493835,15.005
30.7230923025658,0.000163845092196272,0.0666444518493835,15.005
30.7564145284905,0.000164020056283013,0.0666444518493835,15.005
30.7897367544152,0.00016369577802513,0.0666444518493835,15.005
30.8230589803399,0.000163340498782734,0.0666444518493835,15.005
30.8563812062646,0.000163034308281522,0.0666444518493835,15.005
30.8897034321893,0.000162721587640285,0.0666444518493835,15.005
30.923025658114,0.000162993802422009,0.0666444518493835,15.005
30.9563478840387,0.00016249120044768,0.0666444518493835,15.005
30.9896701099633,0.000161982406955419,0.0666444518493835,15.005
31.022992335888,0.000162052263521708,0.0666444518493835,15.005
31.0563145618127,0.000161760638626035,0.0666444518493835,15.005
31.0896367877374,0.000161292402024761,0.0666444518493835,15.005
31.1229590136621,0.000161424665060237,0.0666444518493835,15.005
31.1562812395868,0.000160942856303364,0.0666444518493835,15.005
31.1896034655115,0.000160843692046454,0.0666444518493835,15.005
31.2229256914362,0.000160664338918545,0.0666444518493835,15.005
31.2562479173609,0.000160496531143469,0.0666444518493835,15.005
31.2895701432856,0.000160140547029088,0.0666444518493835,15.005
31.3228923692103,0.000159796146867817,0.0666444518493835,15.005
31.356214595135,0.00015985333487241,0.0666444518493835,15.005
31.3895368210596,0.000159534700067559,0.0666444518493835,15.005
31.4228590469843,0.000159467647349441,0.0666444518493835,15.005
31.456181272909,0.000159042905926893,0.0666444518493835,15.005
31.4895034988337,0.000158888833300173,0.0666444518493835,15.005
31.5228257247584,0.00015863826281122,0.0666444518493835,15.005
31.5561479506831,0.000158527328485742,0.0666444518493835,15.005
31.5894701766078,0.00015821903878887,0.0666444518493835,15.005
31.6227924025325,0.000157844369866303,0.0666444518493835,15.005
31.6561146284572,0.000157763624748187,0.0666444518493835,15.005
31.6894368543819,0.000157542053754291,0.0666444518493835,15.005
31.7227590803066,0.000157266151749792,0.0666444518493835,15.005
31.7560813062313,0.000157363535441024,0.0666444518493835,15.005
31.7894035321559,0.000156812926461237,0.0666444518493835,15.005
31.8227257580806,0.000156765984162766,0.0666444518493835,15.005
31.8560479840053,0.000156429182551055,0.0666444518493835,15.005
31.88937020993,0.000156242557953048,0.0666444518493835,15.005
31.9226924358547,0.000156210303980988,0.0666444518493835,15.005
31.9560146617794,0.000155957329939331,0.0666444518493835,15.005
31.9893368877041,0.000155611920101431,0.0666444518493835,15.005
32.0226591136288,0.000155600910210324,0.0666444518493835,15.005
32.0559813395535,0.000155253416927027,0.0666444518493835,15.005
32.0893035654782,0.000155196175969056,0.0666444518493835,15.005
32.1226257914029,0.000154888465640171,0.0666444518493835,15.005
32.1559480173276,0.000154520315571018,0.0666444518493835,15.005
32.1892702432522,0.000154435203267738,0.0666444518493835,15.005
32.2225924691769,0.00015428234184897,0.0666444518493835,15.005
32.2559146951016,0.000154010617766075,0.0666444518493835,15.005
32.2892369210263,0.000153824523144513,0.0666444518493835,15.005
32.322559146951,0.000153632484932922,0.0666444518493835,15.005
32.3558813728757,0.000153652588258044,0.0666444518493835,15.005
32.3892035988004,0.000152875118054823,0.0666444518493835,15.005
32.4225258247251,0.000152816152872564,0.0666444518493835,15.005
32.4558480506498,0.000152726576832899,0.0666444518493835,15.005
32.4891702765745,0.000152802349891968,0.0666444518493835,15.005
32.5224925024992,0.000152451845337053,0.0666444518493835,15.005
32.5558147284239,0.000152487153695847,0.0666444518493835,15.005
32.5891369543485,0.000152241111258694,0.0666444518493835,15.005
32.6224591802732,0.000151795092345591,0.0666444518493835,15.005
32.6557814061979,0.000151753523573533,0.0666444518493835,15.005
32.6891036321226,0.000151401861051788,0.0666444518493835,15.005
32.7224258580473,0.000151304790317227,0.0666444518493835,15.005
32.755748083972,0.000150972023047541,0.0666444518493835,15.005
32.7890703098967,0.000150895516172891,0.0666444518493835,15.005
32.8223925358214,0.000150905133403994,0.0666444518493835,15.005
32.8557147617461,0.000150522930845932,0.0666444518493835,15.005
32.8890369876708,0.000150432262447413,0.0666444518493835,15.005
32.9223592135955,0.00015015544359547,0.0666444518493835,15.005
32.9556814395202,0.00014972187527943,0.0666444518493835,15.005
32.9890036654448,0.00014985673317806,0.0666444518493835,15.005
33.0223258913695,0.000149552733551203,0.0666444518493835,15.005
33.0556481172942,0.000149311631776255,0.0666444518493835,15.005
33.0889703432189,0.000149465697325845,0.0666444518493835,15.005
33.1222925691436,0.000149005427493273,0.0666444518493835,15.005
33.1556147950683,0.00014897250643574,0.0666444518493835,15.005
33.188937020993,0.000148442323177354,0.0666444518493835,15.005
33.2222592469177,0.000148215862764955,0.0666444518493835,15.005
33.2555814728424,0.000148466370918081,0.0666444518493835,15.005
33.2889036987671,0.000148079401736284,0.0666444518493835,15.005
33.3222259246918,0.000148015317869679,0.0666444518493835,15.005
33.3555481506165,0.000147885845806994,0.0666444518493835,15.005
33.3888703765411,0.000147820645831884,0.0666444518493835,15.005
33.4221926024658,0.000147487928278973,0.0666444518493835,15.005
33.4555148283905,0.000147473287375948,0.0666444518493835,15.005
33.4888370543152,0.000147080975087406,0.0666444518493835,15.005
33.5221592802399,0.00014686806068511,0.0666444518493835,15.005
33.5554815061646,0.000146722637634602,0.0666444518493835,15.005
33.5888037320893,0.000146430157027684,0.0666444518493835,15.005
33.622125958014,0.000146501903014579,0.0666444518493835,15.005
33.6554481839387,0.000146232716919594,0.0666444518493835,15.005
33.6887704098634,0.000145986605134398,0.0666444518493835,15.005
33.7220926357881,0.000145937441789945,0.0666444518493835,15.005
33.7554148617128,0.000145664235436889,0.0666444518493835,15.005
33.7887370876375,0.000145538470747227,0.0666444518493835,15.005
33.8220593135621,0.000145323806769453,0.0666444518493835,15.005
33.8553815394868,0.000144879628142266,0.0666444518493835,15.005
33.8887037654115,0.000145260715519054,0.0666444518493835,15.005
33.9220259913362,0.000144955663879036,0.0666444518493835,15.005
33.9553482172609,0.000144462832291713,0.0666444518493835,15.005
33.9886704431856,0.000144476437541938,0.0666444518493835,15.005
34.0219926691103,0.000144231878536249,0.0666444518493835,15.005
34.055314895035,0.000144355125067294,0.0666444518493835,15.005
34.0886371209597,0.000143918784453011,0.0666444518493835,15.005
34.1219593468844,0.000143940432799454,0.0666444518493835,15.005
34.1552815728091,0.000143700550141243,0.0666444518493835,15.005
34.1886037987338,0.000143748092021877,0.0666444518493835,15.005
34.2219260246584,0.000143099557107107,0.0666444518493835,15.005
34.2552482505831,0.000143237479027017,0.0666444518493835,15.005
34.2885704765078,0.000143069920403558,0.0666444518493835,15.005
34.3218927024325,0.000142924317617933,0.0666444518493835,15.005
34.3552149283572,0.000142745345239304,0.0666444518493835,15.005
34.3885371542819,0.000142643930966163,0.0666444518493835,15.005
34.4218593802066,0.000142382675439539,0.0666444518493835,15.005
34.4551816061313,0.000142248687848105,0.0666444518493835,15.005
34.488503832056,0.000142169503774507,0.0666444518493835,15.005
34.5218260579807,0.000141957266287615,0.0666444518493835,15.005
34.5551482839054,0.000141656930102427,0.0666444518493835,15.005
34.5884705098301,0.000141373953671274,0.0666444518493835,15.005
34.6217927357547,0.000141365945053156,0.0666444518493835,15.005
34.6551149616794,0.000141235499623737,0.0666444518493835,15.005
34.6884371876041,0.000141119534256092,0.0666444518493835,15.005
34.7217594135288,0.000141129481869193,0.0666444518493835,15.005
34.7550816394535,0.00014077242449735,0.0666444518493835,15.005
34.7884038653782,0.000140564872479414,0.0666444518493835,15.005
34.8217260913029,0.000140201858339135,0.0666444518493835,15.005
34.8550483172276,0.000140471145523293,0.0666444518493835,15.005
34.8883705431523,0.000140231323781039,0.0666444518493835,15.005
34.921692769077,0.00013986776138162,0.0666444518493835,15.005
34.9550149950017,0.000139999120762866,0.0666444518493835,15.005
34.9883372209264,0.000139830387606042,0.0666444518493835,15.005
35.021659446851,0.000139597383554286,0.0666444518493835,15.005
35.0549816727757,0.000139672754886361,0.0666444518493835,15.005
35.0883038987004,0.000139341143955085,0.0666444518493835,15.005
35.1216261246251,0.000139251180646297,0.0666444518493835,15.005
35.1549483505498,0.000138904803988767,0.0666444518493835,15.005
35.1882705764745,0.000138870119724426,0.0666444518493835,15.005
35.2215928023992,0.00013892525744866,0.0666444518493835,15.005
35.2549150283239,0.000138487095983734,0.0666444518493835,15.005
35.2882372542486,0.000138634217690641,0.0666444518493835,15.005
35.3215594801733,0.000138177003264298,0.0666444518493835,15.005
35.354881706098,0.000138372321200278,0.0666444518493835,15.005
35.3882039320227,0.000137909376780428,0.0666444518493835,15.005
35.4215261579473,0.000137763970661824,0.0666444518493835,15.005
35.454848383872,0.000137737648198591,0.0666444518493835,15.005
35.4881706097967,0.000137721746082175,0.0666444518493835,15.005
35.5214928357214,0.000137423462988557,0.0666444518493835,15.005
35.5548150616461,0.000137360792791326,0.0666444518493835,15.005
35.5881372875708,0.000137352531325312,0.0666444518493835,15.005
35.6214595134955,0.00013704442516971,0.0666444518493835,15.005
35.6547817394202,0.000136755062413148,0.0666444518493835,15.005
35.6881039653449,0.000136615519232752,0.0666444518493835,15.005
35.7214261912696,0.000136354592496551,0.0666444518493835,15.005
35.7547484171943,0.000136338530856859,0.0666444518493835,15.005
35.788070643119,0.000136396588288026,0.0666444518493835,15.005
35.8213928690436,0.000136622273993452,0.0666444518493835,15.005
35.8547150949683,0.000135894984045944,0.0666444518493835,15.005
35.888037320893,0.000135936584709306,0.0666444518493835,15.005
35.9213595468177,0.000135864315431125,0.0666444518493835,15.005
35.9546817727424,0.000135719427860714,0.0666444518493835,15.005
35.9880039986671,0.00013537301401111,0.0666444518493835,15.005
36.0213262245918,0.000135402533380879,0.0666444518493835,15.005
36.0546484505165,0.000135223093293301,0.0666444518493835,15.005
36.0879706764412,0.000135104856293489,0.0666444518493835,15.005
36.1212929023659,0.00013493076288595,0.0666444518493835,15.005
36.1546151282906,0.000135090271343969,0.0666444518493835,15.005
36.1879373542153,0.000134871358596268,0.0666444518493835,15.005
36.22125958014,0.000134706413636016,0.0666444518493835,15.005
36.2545818060646,0.000134315673365481,0.0666444518493835,15.005
36.2879040319893,0.000134234008471806,0.0666444518493835,15.005
36.321226257914,0.000134222657822179,0.0666444518493835,15.005
36.3545484838387,0.000134049554197766,0.0666444518493835,15.005
36.3878707097634,0.00013413167601377,0.0666444518493835,15.005
36.4211929356881,0.000133879370843691,0.0666444518493835,15.005
36.4545151616128,0.000133642882768602,0.0666444518493835,15.005
36.4878373875375,0.000133557433776279,0.0666444518493835,15.005
36.5211596134622,0.000133287290550836,0.0666444518493835,15.005
36.5544818393869,0.000133475318181936,0.0666444518493835,15.005
36.5878040653116,0.000133343627125722,0.0666444518493835,15.005
36.6211262912363,0.000132877839832482,0.0666444518493835,15.005
36.6544485171609,0.000132952759208205,0.0666444518493835,15.005
36.6877707430856,0.000132713637368712,0.0666444518493835,15.005
36.7210929690103,0.000132543691853793,0.0666444518493835,15.005
36.754415194935,0.000132590549412468,0.0666444518493835,15.005
36.7877374208597,0.000132397590215928,0.0666444518493835,15.005
36.8210596467844,0.000132623002230495,0.0666444518493835,15.005
36.8543818727091,0.000132314949983677,0.0666444518493835,15.005
36.8877040986338,0.000132045436199445,0.0666444518493835,15.005
36.9210263245585,0.000131929700954263,0.0666444518493835,15.005
36.9543485504832,0.000131694608112381,0.0666444518493835,15.005
36.9876707764079,0.000131745464606249,0.0666444518493835,15.005
37.0209930023326,0.000131479670053804,0.0666444518493835,15.005
37.0543152282572,0.00013156247778519,0.0666444518493835,15.005
37.0876374541819,0.000131181065087055,0.0666444518493835,15.005
37.1209596801066,0.00013137969357154,0.0666444518493835,15.005
37.1542819060313,0.000131059823570462,0.0666444518493835,15.005
37.187604131956,0.00013097159345966,0.0666444518493835,15.005
37.2209263578807,0.000130961998262512,0.0666444518493835,15.005
37.2542485838054,0.000130783677039946,0.0666444518493835,15.005
37.2875708097301,0.000130745633447825,0.0666444518493835,15.005
37.3208930356548,0.000130436563237706,0.0666444518493835,15.005
37.3542152615795,0.000130446912207462,0.0666444518493835,15.005
37.3875374875042,0.000130278513266568,0.0666444518493835,15.005
37.4208597134289,0.000130173532119623,0.0666444518493835,15.005
37.4541819393535,0.000130345641786585,0.0666444518493835,15.005
37.4875041652782,0.000129884075725118,0.0666444518493835,15.005
37.5208263912029,0.000129947278537894,0.0666444518493835,15.005
37.5541486171276,0.000129849395442473,0.0666444518493835,15.005
37.5874708430523,0.000129494191893509,0.0666444518493835,15.005
37.620793068977,0.000129691935715747,0.0666444518493835,15.005
37.6541152949017,0.000129333687758576,0.0666444518493835,15.005
37.6874375208264,0.000129472458765429,0.0666444518493835,15.005
37.7207597467511,0.000129148370319371,0.0666444518493835,15.005
37.7540819726758,0.000129048503183938,0.0666444518493835,15.005
37.7874041986005,0.000128939938513594,0.0666444518493835,15.005
37.8207264245252,0.000128971513121455,0.0666444518493835,15.005
37.8540486504498,0.000128698153220139,0.0666444518493835,15.005
37.8873708763745,0.000128613743178329,0.0666444518493835,15.005
37.9206931022992,0.000128545028080407,0.0666444518493835,15.005
37.9540153282239,0.000128615557193146,0.0666444518493835,15.005
37.9873375541486,0.000128382020944069,0.0666444518493835,15.005
38.0206597800733,0.000128548071305532,0.0666444518493835,15.005
38.053982005998,0.000127987433799348,0.0666444518493835,15.005
38.0873042319227,0.000128214440920151,0.0666444518493835,15.005
38.1206264578474,0.000127910073687504,0.0666444518493835,15.005
38.1539486837721,0.000128054534726404,0.0666444518493835,15.005
38.1872709096968,0.00012778040301048,0.0666444518493835,15.005
38.2205931356215,0.000127660588614346,0.0666444518493835,15.005
38.2539153615461,0.000127656127309643,0.0666444518493835,15.005
38.2872375874708,0.000127396814662898,0.0666444518493835,15.005
38.3205598133955,0.000127070672438365,0.0666444518493835,15.005
38.3538820393202,0.000127172301182344,0.0666444518493835,15.005
38.3872042652449,0.000127191072749109,0.0666444518493835,15.005
38.4205264911696,0.000127101545656565,0.0666444518493835,15.005
38.4538487170943,0.0001269718066293,0.0666444518493835,15.005
38.487170943019,0.000126713226127929,0.0666444518493835,15.005
38.5204931689437,0.000126712084395089,0.0666444518493835,15.005
38.5538153948684,0.000126676074275219,0.0666444518493835,15.005
38.5871376207931,0.000126449463039007,0.0666444518493835,15.005
38.6204598467178,0.000126399089818212,0.0666444518493835,15.005
38.6537820726424,0.000126317592343297,0.0666444518493835,15.005
38.6871042985671,0.000126157396234466,0.0666444518493835,15.005
38.7204265244918,0.000126196684583447,0.0666444518493835,15.005
38.7537487504165,0.000125961445970882,0.0666444518493835,15.005
38.7870709763412,0.000125957509633291,0.0666444518493835,15.005
38.8203932022659,0.000125691947306146,0.0666444518493835,15.005
38.8537154281906,0.000125675240647646,0.0666444518493835,15.005
38.8870376541153,0.000125640718377345,0.0666444518493835,15.005
38.92035988004,0.000125472561288493,0.0666444518493835,15.005
38.9536821059647,0.000125428350949646,0.0666444518493835,15.005
38.9870043318894,0.000125433820013978,0.0666444518493835,15.005
39.0203265578141,0.000125407394970763,0.0666444518493835,15.005
39.0536487837388,0.000125107040288893,0.0666444518493835,15.005
39.0869710096634,0.000124944957197299,0.0666444518493835,15.005
39.1202932355881,0.000125196114462556,0.0666444518493835,15.005
39.1536154615128,0.000124666801284568,0.0666444518493835,15.005
39.1869376874375,0.000124931680025663,0.0666444518493835,15.005
39.2202599133622,0.000124841267995113,0.0666444518493835,15.005
39.2535821392869,0.000124519879354859,0.0666444518493835,15.005
39.2869043652116,0.000124540247349596,0.0666444518493835,15.005
39.3202265911363,0.000124407760252838,0.0666444518493835,15.005
39.353548817061,0.000124583527842747,0.0666444518493835,15.005
39.3868710429857,0.000124340046892947,0.0666444518493835,15.005
39.4201932689104,0.000124091299356414,0.0666444518493835,15.005
39.4535154948351,0.000123884925145161,0.0666444518493835,15.005
39.4868377207597,0.000123897798933879,0.0666444518493835,15.005
39.5201599466844,0.000123924505152093,0.0666444518493835,15.005
39.5534821726091,0.000123715479403158,0.0666444518493835,15.005
39.5868043985338,0.000123620368400748,0.0666444518493835,15.005
39.6201266244585,0.00012348992204067,0.0666444518493835,15.005
39.6534488503832,0.000123523049529487,0.0666444518493835,15.005
39.6867710763079,0.000123437503720836,0.0666444518493835,15.005
39.7200933022326,0.00012358655881511,0.0666444518493835,15.005
39.7534155281573,0.000123391008774663,0.0666444518493835,15.005
39.786737754082,0.000123242603386525,0.0666444518493835,15.005
39.8200599800067,0.000122963845145805,0.0666444518493835,15.005
39.8533822059314,0.000122941350056537,0.0666444518493835,15.005
39.886704431856,0.00012278881056178,0.0666444518493835,15.005
39.9200266577807,0.000122885877534212,0.0666444518493835,15.005
39.9533488837054,0.000122773055740551,0.0666444518493835,15.005
39.9866711096301,0.000122574059796947,0.0666444518493835,15.005
40.0199933355548,0.000122565178587045,0.0666444518493835,15.005
40.0533155614795,0.000122684655015046,0.0666444518493835,15.005
40.0866377874042,0.000122554732454374,0.0666444518493835,15.005
40.1199600133289,0.000122155166143385,0.0666444518493835,15.005
40.1532822392536,0.000122288397921549,0.0666444518493835,15.005
40.1866044651783,0.000122136822040421,0.0666444518493835,15.005
40.219926691103,0.000122085222870628,0.0666444518493835,15.005
40.2532489170277,0.000121880581131468,0.0666444518493835,15.005
40.2865711429523,0.000121959385453798,0.0666444518493835,15.005
40.319893368877,0.000121809496177168,0.0666444518493835,15.005
40.3532155948017,0.000121816093611581,0.0666444518493835,15.005
40.3865378207264,0.000121668862228431,0.0666444518493835,15.005
40.4198600466511,0.00012155835936558,0.0666444518493835,15.005
40.4531822725758,0.000121323395575026,0.0666444518493835,15.005
40.4865044985005,0.000121580904593433,0.0666444518493835,15.005
40.5198267244252,0.000121370286843084,0.0666444518493835,15.005
40.5531489503499,0.000121264353671342,0.0666444518493835,15.005
40.5864711762746,0.000121433699821012,0.0666444518493835,15.005
40.6197934021993,0.000120946564839801,0.0666444518493835,15.005
40.653115628124,0.000121104469507224,0.0666444518493835,15.005
40.6864378540486,0.000120904031183648,0.0666444518493835,15.005
40.7197600799733,0.000121171364495131,0.0666444518493835,15.005
40.753082305898,0.00012076439944108,0.0666444518493835,15.005
40.7864045318227,0.000120639248696713,0.0666444518493835,15.005
40.8197267577474,0.000120899726467629,0.0666444518493835,15.005
40.8530489836721,0.000120380068449447,0.0666444518493835,15.005
40.8863712095968,0.000120521878644215,0.0666444518493835,15.005
40.9196934355215,0.000120543990729344,0.0666444518493835,15.005
40.9530156614462,0.000120415604050961,0.0666444518493835,15.005
40.9863378873709,0.00012037065444403,0.0666444518493835,15.005
41.0196601132956,0.000120195384903891,0.0666444518493835,15.005
41.0529823392203,0.000120087367013694,0.0666444518493835,15.005
41.0863045651449,0.000120220683514167,0.0666444518493835,15.005
41.1196267910696,0.00012001796103399,0.0666444518493835,15.005
41.1529490169943,0.000120027253181741,0.0666444518493835,15.005
41.186271242919,0.000119688260842891,0.0666444518493835,15.005
41.2195934688437,0.000119972527159106,0.0666444518493835,15.005
41.2529156947684,0.000119692070616614,0.0666444518493835,15.005
41.2862379206931,0.00011968269934161,0.0666444518493835,15.005
41.3195601466178,0.000119719557550813,0.0666444518493835,15.005
41.3528823725425,0.000119623515791355,0.0666444518493835,15.005
41.3862045984672,0.000119282828166149,0.0666444518493835,15.005
41.4195268243919,0.000119542913109175,0.0666444518493835,15.005
41.4528490503166,0.000119414962073997,0.0666444518493835,15.005
41.4861712762413,0.000119162292210074,0.0666444518493835,15.005
41.5194935021659,0.000119299002858851,0.0666444518493835,15.005
41.5528157280906,0.000119202972755931,0.0666444518493835,15.005
41.5861379540153,0.000119011999733485,0.0666444518493835,15.005
41.61946017994,0.00011885163907941,0.0666444518493835,15.005
41.6527824058647,0.000118785714893479,0.0666444518493835,15.005
41.6861046317894,0.00011881074524115,0.0666444518493835,15.005
41.7194268577141,0.000118888277339825,0.0666444518493835,15.005
41.7527490836388,0.000118837244690723,0.0666444518493835,15.005
41.7860713095635,0.000118754252206463,0.0666444518493835,15.005
41.8193935354882,0.000118495699603226,0.0666444518493835,15.005
41.8527157614129,0.000118483698551197,0.0666444518493835,15.005
41.8860379873376,0.000118303892004686,0.0666444518493835,15.005
41.9193602132622,0.000118456905625639,0.0666444518493835,15.005
41.9526824391869,0.000118380808998814,0.0666444518493835,15.005
41.9860046651116,0.000118441298939513,0.0666444518493835,15.005
42.0193268910363,0.00011818130036175,0.0666444518493835,15.005
42.052649116961,0.00011818951877173,0.0666444518493835,15.005
42.0859713428857,0.000117974877177977,0.0666444518493835,15.005
42.1192935688104,0.000117851745940262,0.0666444518493835,15.005
42.1526157947351,0.0001179289366544,0.0666444518493835,15.005
42.1859380206598,0.000118002099448325,0.0666444518493835,15.005
42.2192602465845,0.000117912229719321,0.0666444518493835,15.005
42.2525824725092,0.000117549693622573,0.0666444518493835,15.005
42.2859046984339,0.000117510896181187,0.0666444518493835,15.005
42.3192269243585,0.000117624143284544,0.0666444518493835,15.005
42.3525491502832,0.000117658050430565,0.0666444518493835,15.005
42.3858713762079,0.000117418415391837,0.0666444518493835,15.005
42.4191936021326,0.00011759458347536,0.0666444518493835,15.005
42.4525158280573,0.000117439958920116,0.0666444518493835,15.005
42.485838053982,0.000117420072813358,0.0666444518493835,15.005
42.5191602799067,0.000117403094774089,0.0666444518493835,15.005
42.5524825058314,0.000117145215962457,0.0666444518493835,15.005
42.5858047317561,0.000117109103831575,0.0666444518493835,15.005
42.6191269576808,0.000117155876399214,0.0666444518493835,15.005
42.6524491836055,0.000117036865567965,0.0666444518493835,15.005
42.6857714095302,0.000117200695928491,0.0666444518493835,15.005
42.7190936354548,0.000116789206932683,0.0666444518493835,15.005
42.7524158613795,0.000116723378495796,0.0666444518493835,15.005
42.7857380873042,0.00011709284305217,0.0666444518493835,15.005
42.8190603132289,0.000116817682373498,0.0666444518493835,15.005
42.8523825391536,0.000116690861386015,0.0666444518493835,15.005
42.8857047650783,0.000116656472276122,0.0666444518493835,15.005
42.919026991003,0.000116652168464979,0.0666444518493835,15.005
42.9523492169277,0.00011654190671216,0.0666444518493835,15.005
42.9856714428524,0.000116494819771961,0.0666444518493835,15.005
43.0189936687771,0.000116597276945229,0.0666444518493835,15.005
43.0523158947018,0.000116323671876448,0.0666444518493835,15.005
43.0856381206265,0.000116171321773173,0.0666444518493835,15.005
43.1189603465511,0.000116303892979303,0.0666444518493835,15.005
43.1522825724758,0.000116201749852381,0.0666444518493835,15.005
43.1856047984005,0.000116189050549691,0.0666444518493835,15.005
43.2189270243252,0.000116026539491207,0.0666444518493835,15.005
43.2522492502499,0.000115939202295274,0.0666444518493835,15.005
43.2855714761746,0.00011579446597749,0.0666444518493835,15.005
43.3188937020993,0.000115961492184334,0.0666444518493835,15.005
43.352215928024,0.000115912504420431,0.0666444518493835,15.005
43.3855381539487,0.000115991498674659,0.0666444518493835,15.005
43.4188603798734,0.000115853784576706,0.0666444518493835,15.005
43.4521826057981,0.000115683217941225,0.0666444518493835,15.005
43.4855048317228,0.000115932236856587,0.0666444518493835,15.005
43.5188270576474,0.000115656964514854,0.0666444518493835,15.005
43.5521492835721,0.000115610382131728,0.0666444518493835,15.005
43.5854715094968,0.000115660893810422,0.0666444518493835,15.005
43.6187937354215,0.000115511763812899,0.0666444518493835,15.005
43.6521159613462,0.000115406434008218,0.0666444518493835,15.005
43.6854381872709,0.000115411675137207,0.0666444518493835,15.005
43.7187604131956,0.000115534681474201,0.0666444518493835,15.005
43.7520826391203,0.000115277984614896,0.0666444518493835,15.005
43.785404865045,0.00011520885818624,0.0666444518493835,15.005
43.8187270909697,0.00011529610943564,0.0666444518493835,15.005
43.8520493168944,0.000115333615944161,0.0666444518493835,15.005
43.8853715428191,0.00011514007834687,0.0666444518493835,15.005
43.9186937687438,0.000115139524669841,0.0666444518493835,15.005
43.9520159946684,0.000115116782178683,0.0666444518493835,15.005
43.9853382205931,0.000115008777922837,0.0666444518493835,15.005
44.0186604465178,0.000114897806709457,0.0666444518493835,15.005
44.0519826724425,0.000114917270983732,0.0666444518493835,15.005
44.0853048983672,0.000114862748359063,0.0666444518493835,15.005
44.1186271242919,0.000114744281647535,0.0666444518493835,15.005
44.1519493502166,0.000114985957137049,0.0666444518493835,15.005
44.1852715761413,0.000114697192266571,0.0666444518493835,15.005
44.218593802066,0.00011476758479075,0.0666444518493835,15.005
44.2519160279907,0.000114715552921727,0.0666444518493835,15.005
44.2852382539154,0.000114722535606582,0.0666444518493835,15.005
44.3185604798401,0.00011462855885194,0.0666444518493835,15.005
44.3518827057647,0.000114544812480576,0.0666444518493835,15.005
44.3852049316894,0.000114590425831819,0.0666444518493835,15.005
44.4185271576141,0.000114369331563921,0.0666444518493835,15.005
44.4518493835388,0.000114390711361912,0.0666444518493835,15.005
44.4851716094635,0.000114426865675644,0.0666444518493835,15.005
44.5184938353882,0.000114276673224145,0.0666444518493835,15.005
44.5518160613129,0.000114097256917779,0.0666444518493835,15.005
44.5851382872376,0.000114167925490271,0.0666444518493835,15.005
44.6184605131623,0.000114016312429137,0.0666444518493835,15.005
44.651782739087,0.000114115600833415,0.0666444518493835,15.005
44.6851049650117,0.000114004892055794,0.0666444518493835,15.005
44.7184271909364,0.000114065957200799,0.0666444518493835,15.005
44.751749416861,0.000113937676208219,0.0666444518493835,15.005
44.7850716427857,0.000114048166856224,0.0666444518493835,15.005
44.8183938687104,0.000113857340314893,0.0666444518493835,15.005
44.8517160946351,0.000114028168419837,0.0666444518493835,15.005
44.8850383205598,0.000113848952829184,0.0666444518493835,15.005
44.9183605464845,0.000113785860151141,0.0666444518493835,15.005
44.9516827724092,0.000113632085838175,0.0666444518493835,15.005
44.9850049983339,0.000113792273784051,0.0666444518493835,15.005
45.0183272242586,0.000113521772834465,0.0666444518493835,15.005
45.0516494501833,0.000113815163672118,0.0666444518493835,15.005
45.084971676108,0.000113631562261065,0.0666444518493835,15.005
45.1182939020327,0.000113621840123295,0.0666444518493835,15.005
45.1516161279573,0.000113610245663754,0.0666444518493835,15.005
45.184938353882,0.000113534600705053,0.0666444518493835,15.005
45.2182605798067,0.000113389404703053,0.0666444518493835,15.005
45.2515828057314,0.000113533287767541,0.0666444518493835,15.005
45.2849050316561,0.00011332736290439,0.0666444518493835,15.005
45.3182272575808,0.0001133488047121,0.0666444518493835,15.005
45.3515494835055,0.000113351587984984,0.0666444518493835,15.005
45.3848717094302,0.000113334699944582,0.0666444518493835,15.005
45.4181939353549,0.000113415096928516,0.0666444518493835,15.005
45.4515161612796,0.000113154790775684,0.0666444518493835,15.005
45.4848383872043,0.000113275681726732,0.0666444518493835,15.005
45.518160613129,0.000113030528514322,0.0666444518493835,15.005
45.5514828390536,0.000113243126039543,0.0666444518493835,15.005
45.5848050649783,0.000113029295103517,0.0666444518493835,15.005
45.618127290903,0.000113085366006174,0.0666444518493835,15.005
45.6514495168277,0.000113064927727272,0.0666444518493835,15.005
45.6847717427524,0.00011299900939719,0.0666444518493835,15.005
45.7180939686771,0.000112884207929473,0.0666444518493835,15.005
45.7514161946018,0.000113064551160848,0.0666444518493835,15.005
45.7847384205265,0.00011286643224131,0.0666444518493835,15.005
45.8180606464512,0.000113100711272404,0.0666444518493835,15.005
45.8513828723759,0.000113090834649342,0.0666444518493835,15.005
45.8847050983006,0.00011268867290996,0.0666444518493835,15.005
45.9180273242253,0.000112588081387427,0.0666444518493835,15.005
45.9513495501499,0.000112774215021005,0.0666444518493835,15.005
45.9846717760746,0.000112813482438641,0.0666444518493835,15.005
46.0179940019993,0.000112865293746669,0.0666444518493835,15.005
46.051316227924,0.000112585110954012,0.0666444518493835,15.005
46.0846384538487,0.000112630263044594,0.0666444518493835,15.005
46.1179606797734,0.000112551771081222,0.0666444518493835,15.005
46.1512829056981,0.000112636538866712,0.0666444518493835,15.005
46.1846051316228,0.000112478066503025,0.0666444518493835,15.005
46.2179273575475,0.000112582527078909,0.0666444518493835,15.005
46.2512495834722,0.000112481390921877,0.0666444518493835,15.005
46.2845718093969,0.000112374298260109,0.0666444518493835,15.005
46.3178940353216,0.000112435189896683,0.0666444518493835,15.005
46.3512162612463,0.000112397736390012,0.0666444518493835,15.005
46.3845384871709,0.000112293685563041,0.0666444518493835,15.005
46.4178607130956,0.000112337989438894,0.0666444518493835,15.005
46.4511829390203,0.000112368450864891,0.0666444518493835,15.005
46.484505164945,0.000112390106585531,0.0666444518493835,15.005
46.5178273908697,0.00011227784086839,0.0666444518493835,15.005
46.5511496167944,0.000112191618840527,0.0666444518493835,15.005
46.5844718427191,0.000112347883964578,0.0666444518493835,15.005
46.6177940686438,0.000112222056554942,0.0666444518493835,15.005
46.6511162945685,0.000112105608139976,0.0666444518493835,15.005
46.6844385204932,0.000112113477951447,0.0666444518493835,15.005
46.7177607464179,0.000112110955933019,0.0666444518493835,15.005
46.7510829723426,0.000111955535090952,0.0666444518493835,15.005
46.7844051982672,0.000111929869276759,0.0666444518493835,15.005
46.8177274241919,0.000112335990943871,0.0666444518493835,15.005
46.8510496501166,0.00011189197361042,0.0666444518493835,15.005
46.8843718760413,0.000112044451269452,0.0666444518493835,15.005
46.917694101966,0.000111879628586666,0.0666444518493835,15.005
46.9510163278907,0.000111916614563753,0.0666444518493835,15.005
46.9843385538154,0.000112026396741759,0.0666444518493835,15.005
47.0176607797401,0.00011180210408675,0.0666444518493835,15.005
47.0509830056648,0.000112004080860616,0.0666444518493835,15.005
47.0843052315895,0.000111920554556922,0.0666444518493835,15.005
47.1176274575142,0.000111847978529617,0.0666444518493835,15.005
47.1509496834389,0.000111794929255237,0.0666444518493835,15.005
47.1842719093635,0.000111782504297119,0.0666444518493835,15.005
47.2175941352882,0.000111772531457359,0.0666444518493835,15.005
47.2509163612129,0.000111687310115518,0.0666444518493835,15.005
47.2842385871376,0.000111889856426345,0.0666444518493835,15.005
47.3175608130623,0.000111720286165325,0.0666444518493835,15.005
47.350883038987,0.000111672218282866,0.0666444518493835,15.005
47.3842052649117,0.000111594343334797,0.0666444518493835,15.005
47.4175274908364,0.000111615477413068,0.0666444518493835,15.005
47.4508497167611,0.000111575153192212,0.0666444518493835,15.005
47.4841719426858,0.000111569957222145,0.0666444518493835,15.005
47.5174941686105,0.000111693185160835,0.0666444518493835,15.005
47.5508163945352,0.000111501073890687,0.0666444518493835,15.005
47.5841386204598,0.000111638609605589,0.0666444518493835,15.005
47.6174608463845,0.000111630261234585,0.0666444518493835,15.005
47.6507830723092,0.000111662807759089,0.0666444518493835,15.005
47.6841052982339,0.000111442853276936,0.0666444518493835,15.005
47.7174275241586,0.000111538315401846,0.0666444518493835,15.005
47.7507497500833,0.000111466885334524,0.0666444518493835,15.005
47.784071976008,0.00011143459874653,0.0666444518493835,15.005
47.8173942019327,0.000111320645816548,0.0666444518493835,15.005
47.8507164278574,0.000111580022578579,0.0666444518493835,15.005
47.8840386537821,0.000111232068961865,0.0666444518493835,15.005
47.9173608797068,0.00011138285381974,0.0666444518493835,15.005
47.9506831056315,0.000111411945540285,0.0666444518493835,15.005
47.9840053315561,0.000111445482933721,0.0666444518493835,15.005
48.0173275574808,0.000111313705831836,0.0666444518493835,15.005
48.0506497834055,0.000111310708913823,0.0666444518493835,15.005
48.0839720093302,0.000111233112156149,0.0666444518493835,15.005
48.1172942352549,0.000111346983986482,0.0666444518493835,15.005
48.1506164611796,0.000111549654934768,0.0666444518493835,15.005
48.1839386871043,0.000111357577038682,0.0666444518493835,15.005
48.217260913029,0.000111267262045179,0.0666444518493835,15.005
48.2505831389537,0.000111204020521638,0.0666444518493835,15.005
48.2839053648784,0.000111268951339977,0.0666444518493835,15.005
48.3172275908031,0.000111240652355381,0.0666444518493835,15.005
48.3505498167278,0.000111048637060278,0.0666444518493835,15.005
48.3838720426524,0.000111140096142887,0.0666444518493835,15.005
48.4171942685771,0.000111196926841833,0.0666444518493835,15.005
48.4505164945018,0.00011112451861379,0.0666444518493835,15.005
48.4838387204265,0.000111095897456116,0.0666444518493835,15.005
48.5171609463512,0.000111207631791123,0.0666444518493835,15.005
48.5504831722759,0.00011103073070058,0.0666444518493835,15.005
48.5838053982006,0.000111172614036937,0.0666444518493835,15.005
48.6171276241253,0.000110956531311376,0.0666444518493835,15.005
48.65044985005,0.00011115034151848,0.0666444518493835,15.005
48.6837720759747,0.000111087725983198,0.0666444518493835,15.005
48.7170943018994,0.000111156908905719,0.0666444518493835,15.005
48.7504165278241,0.000111265407261035,0.0666444518493835,15.005
48.7837387537488,0.000111131241700871,0.0666444518493835,15.005
48.8170609796734,0.000111171829910879,0.0666444518493835,15.005
48.8503832055981,0.000110915227925126,0.0666444518493835,15.005
48.8837054315228,0.000111072455668652,0.0666444518493835,15.005
48.9170276574475,0.000111197060854415,0.0666444518493835,15.005
48.9503498833722,0.000111093746329226,0.0666444518493835,15.005
48.9836721092969,0.000111059077113162,0.0666444518493835,15.005
49.0169943352216,0.000110945363348502,0.0666444518493835,15.005
49.0503165611463,0.000111095498197056,0.0666444518493835,15.005
49.083638787071,0.000110998736152389,0.0666444518493835,15.005
49.1169610129957,0.000110967725410126,0.0666444518493835,15.005
49.1502832389204,0.000111054427364798,0.0666444518493835,15.005
49.1836054648451,0.000110989795274421,0.0666444518493835,15.005
49.2169276907697,0.000111112988920763,0.0666444518493835,15.005
49.2502499166944,0.000110986949326545,0.0666444518493835,15.005
49.2835721426191,0.000111005531308878,0.0666444518493835,15.005
49.3168943685438,0.000111108276341278,0.0666444518493835,15.005
49.3502165944685,0.000110869816161774,0.0666444518493835,15.005
49.3835388203932,0.000111038872045085,0.0666444518493835,15.005
49.4168610463179,0.000111106417684244,0.0666444518493835,15.005
49.4501832722426,0.000110929068323376,0.0666444518493835,15.005
49.4835054981673,0.000110826573165395,0.0666444518493835,15.005
49.516827724092,0.000111030900983065,0.0666444518493835,15.005
49.5501499500167,0.00011112071549869,0.0666444518493835,15.005
49.5834721759414,0.000110975226372116,0.0666444518493835,15.005
49.616794401866,0.000110989284941526,0.0666444518493835,15.005
49.6501166277907,0.000110881200381104,0.0666444518493835,15.005
49.6834388537154,0.000110938859873415,0.0666444518493835,15.005
49.7167610796401,0.000110804617647575,0.0666444518493835,15.005
49.7500833055648,0.000111000386128414,0.0666444518493835,15.005
49.7834055314895,0.000110933983832785,0.0666444518493835,15.005
49.8167277574142,0.000111020051149903,0.0666444518493835,15.005
49.8500499833389,0.000110812089052075,0.0666444518493835,15.005
49.8833722092636,0.000110830687074671,0.0666444518493835,15.005
49.9166944351883,0.000111053241894508,0.0666444518493835,15.005
49.950016661113,0.000110962004054002,0.0666444518493835,15.005
49.9833388870377,0.000110895647295222,0.0666444518493835,15.005
